ID_Kunde,Kundennr,Vorname_1,Vorname_2,Nachname,Anrede,PLZ,Strasse,Hausnr,Mail,Tel,Geschlecht,Geburtsdatum,Beruf,Titel,PersoNr,PersoValidTo
1,8366, Elias ,,Kaiser ,Herr,24619,Mozartstraße 8,,elias.kaiser@web.de,04323/829874,m,22.02.1988,Product Owner,Dr.,NPE20376,2021-05-27
2,9208,Elias,,König,Herr,54574,Mühlenstraße,1.0,elias.könig@gmail.com,06594/313132,M,28/07/1997,Sektions- und Präparationsassistent/in,,GMN18965,2024-01-26
3,3837,Moritz,, Müller ,Herr,1097,Eichendorffstraße,8.0,moritz.müller@gmail.com,0351/156882,m,1963-08-20,Data Analyst,,DNS52984,2022-11-05
4,7306,Leonie,, Herrmann,Frau,23923,Marktplatz,1.0,leonie.herrmann@web.de,038821/70723,w,07/07/1952,Senior/in ,,IXU64239,27.03.2025
5,4589,Elias ,,Krüger,Herr,55469,Kirchweg,4.0,elias.krüger@gmail.com,06766/872686,m,13.07.1995,Landwirt/in,,MJB45392,2025-01-15
6,4327,Lena,,Wolf ,Frau,21640,Römerstraße,10.0,lena.wolf@web.de,04163/844730,w,1946-11-22,Senior/in,,KND18409,2020-05-17
7,6571,Ben ,, Becker ,Herr,98744,Mühlenstraße 6,,ben.becker@t-online.de,036730/467286,Männlich,29.08.1936,Senior/in,,ZWA58726,2023-02-12
8,9382,Lara,,Schäfer,Frau,6647,Hauptstraße,2.0,lara.schäfer@gmail.com,034465/222258,W,10.05.1972,Filmeditor/in Videoeditor/in,,WMU20386,2024-04-11
9,4762,Niklas,, Lange ,Hr.,7980,Friedhofstraße,2.0,niklas.lange@web.de,036623/687285,m,1976-12-07,Fluglotse/Fluglotsin ,,ZFY07156,04.12.2025
10,3998, Emily ,,Schneider,Frau,39343,Sonnenstraße,7.0,emily.schneider@gmx.net,039050/693230,w,1947-07-28,Senior/in ,,FUZ35067,15.02.2023
11,7673,Noah,,Schmitt,Herr,6254,Feldstraße,10.0,noah.schmitt@gmx.net,034638/672685,m,1952-10-11, Senior/in ,,JBN67308,17/04/2023
12,7600,Emma,,Huber,Fr.,14772,Lindenstraße,1.0,emma.huber@web.de,03381/555886,Weiblich,2008-10-28,Kaufmann/frau im E-Commerce ,,IJU58612,2021-11-02
13,7334,Leon,,Mayer,Herr,1097,Lindenweg 4,,leon.mayer@t-online.de,0351/571926,m,1985-03-18,Personalreferent/in,,LCX98164,23/07/2025
14,8150,Emilia,,Meyer ,Frau,15711,Römerstraße,6.0,emilia.meyer@gmail.com,03375/382758,w,2004-10-11, Data Scientist,,ETB43068,2023-06-04
15,7287, Lina ,,Fuchs,Frau,17268,Lerchenweg,8.0,lina.fuchs@gmail.com,039887/784924,w,07.02.1959, Gesundheits- und Krankenpfleger/in,,TVD61708,18/08/2022
16,3433,Emma,,Wagner,Frau,39356,Tannenweg,10.0,emma.wagner@gmx.net,039055/531305,w,12/08/1991,Software Entwickler/in,Dr.,KJA62807,31.05.2023
17,8956,Hanna,, Koch ,Fr.,83364,Brückenstraße,4.0,hanna.koch@web.de,08666/478472,w,1981-07-18, Key Account Manager/in ,,WIM42098,2022-08-14
18,6086, Nele,,Schmid,Frau,15377,Birkenweg,6.0,nele.schmid@gmail.com,033437/726658,w,1996-06-10,Maler/in und Lackierer/in,,MBR13598,2020-05-29
19,3988,Sophie,,Zimmermann ,Frau,15518,Schützenstraße 8,,sophie.zimmermann@gmail.com,033607/785316,w,1941-09-24,Senior/in,,OQZ23971,2021-10-31
20,6639, Felix,,Meier,Herr,16306,Marienstraße,9.0,felix.meier@gmx.net,03332/497493,M,22.03.1994,Gesundheits- und Krankenpfleger/in,,FLH93506,2025-04-09
21,4076, Lea,, Krause ,Frau,25712,Lindenstraße,5.0,lea.krause@gmx.net,04825/106513,W,21.08.1992,Fluglotse/Fluglotsin ,,IYS29634,21/10/2025
22,6011,Julian,,Klein,Herr,15378,Heideweg,7.0,julian.klein@gmail.com,033434/401873,m,Thu May 28 2009,Filmeditor/in Videoeditor/in ,,SNG15390,27/05/2020
23,8403,Emma,,Hartmann,Frau,55546,Hauptstraße,10.0,emma.hartmann@web.de,06701/649192,w,2003-09-16,Business Analyst,,AWU65042,Sun Feb 14 2021
24,6489,Leonie ,,Werner,Frau,23758,Lindenstraße,7.0,leonie.werner@gmx.net,04361/670174,w,1941-07-21,Senior/in ,,KJC70385,2022-03-24
25,2755,Julian,,Schmidt,Herr,14715,Wiesenweg 3,,julian.schmidt@t-online.de,03386/327076,m,22.12.1925, Senior/in ,,LLH92057,2020-05-11
26,9122, Finn,,Schneider,Herr,8107,Birkenstraße,8.0,finn.schneider@t-online.de,037602/222016,M,1947-09-03,Senior/in,,DEV71825,2025-05-01
27,3237,Felix,,Krüger,Herr,10823,Kastanienweg,2.0,felix.krüger@gmx.net,030/203658,M,1979-03-14,Software Entwickler/in ,,PSV81726,2021-09-03
28,3452,Noah,,Zimmermann,Herr,89250,Amselweg,6.0,noah.zimmermann@web.de,07307/452012,m,18.07.1957,Konditor/in ,,ZMD73186,29.06.2025
29,5005, Laura ,,Wolf,Frau,56340,Kastanienweg,5.0,laura.wolf@gmail.com,06776/673571,W,28.09.1959,Data Analyst ,,DNY18764,2023-03-13
30,5690,Noah,,Bauer,Hr.,8309,Marktstraße,5.0,noah.bauer@gmx.net,037752/635185,Männlich,1992-07-22, Product Owner,,PRU52791,Thu Mar 31 2022
31,6404, Louis,, Wolf ,Herr,4821,Amselweg 7,,louis.wolf@t-online.de,034292/672260,Männlich,1982-09-09,Data Scientist,,UTP69370,2020-01-07
32,7213,Max ,,Kaiser,Hr.,6779,Brückenstraße,8.0,max.kaiser@gmx.net,034906/144154,m,1973-06-18,Verwaltungsfachangestellte/r,,BFQ90173,23.11.2023
33,8192,Leonie,,Schröder,Fr.,6571,Ulmenweg,8.0,leonie.schröder@t-online.de,034672/52669,W,07.11.1969,Mechatroniker/in ,,OTW53168,2024-07-04
34,9069,Tim,,Schmitt,Herr,14822,Mühlweg,8.0,tim.schmitt@web.de,033843/362033,m,1994-12-22,Maler/in und Lackierer/in,,WYC23914,05.12.2024
35,4425, Sophie,,Krause,Frau,72488,Ringstraße,2.0,sophie.krause@t-online.de,07571/874965,w,1952-02-15,Senior/in,Prof.,FIN07194,13.03.2023
36,4948, Jakob ,,Lehmann,Hr.,56377,Dorfstraße,8.0,jakob.lehmann@gmail.com,02604/854787,m,03.03.1979, Business Analyst ,Dr.,IAD16049,28.03.2020
37,3915,Lara,,Mayer,Frau,72539,Schillerstraße 6,,lara.mayer@gmail.com,07388/310702,w,29.07.1941,Senior/in ,,QJO51873,2020-03-01
38,6203, Elias,,Lehmann,Herr,6721,Kurze Straße,3.0,elias.lehmann@gmail.com,034425/841124,m,28.07.1950,Senior/in,,LUS37804,23/10/2023
39,7980, Jakob ,,Neumann,Herr,44801,Blumenstraße,9.0,jakob.neumann@web.de,0234/40623,m,1991-11-27,UX Designer/in ,Dr.,IMX50612,2025-10-09
40,2822,Jakob,, Fuchs ,Herr,16559,Schubertstraße,6.0,jakob.fuchs@gmx.net,033054/691470,Männlich,1945-04-17,Senior/in,,VJZ87125,2023-03-31
41,8183,Luisa ,,Schröder,Fr.,23881,Hauptstraße,2.0,luisa.schröder@web.de,04542/213000,Weiblich,2004-10-16,Tischler/in ,,ZOQ37219,2020-12-01
42,6504,Emilia,,Schmitt,Frau,88634,Am Hang,5.0,emilia.schmitt@gmail.com,07557/196094,w,07.10.1977,Ingenieur/in,,ZCU07352,2025-02-17
43,6327,Sophie,,Hofmann,Frau,24864,Im Winkel 4,,sophie.hofmann@gmx.net,04622/149001,W,1971-06-11, Friseur/in ,,CGD67834,12.06.2020
44,4049,Paul,,Schulz ,Hr.,19089,Mühlenstraße,8.0,paul.schulz@gmx.net,03863/727256,m,1969-02-08,Verwaltungsfachangestellte/r,,UCK54836,2024-12-13
45,3722,Marie,,Becker,Frau,74597,Fliederweg,4.0,marie.becker@web.de,07967/426144,W,05.05.1950,Senior/in ,,NIH69874,27.04.2025
46,8439,Emilia,,Koch,Frau,76359,Nordstraße,7.0,emilia.koch@web.de,07248/539242,w,1966-06-05, Immobilienkaufmann/frau ,,ZEC24736,2022-10-20
47,8834,Sophie,, Krüger,Frau,50827,Königsberger Straße,10.0,sophie.krüger@gmx.net,0221/55103,w,10/04/2009, Koch/Köchin ,,GLD74569,Sun Oct 12 2025
48,5140,Lena,,Koch ,Frau,36419,Berliner Straße,7.0,lena.koch@gmx.net,036967/571214,Weiblich,1943-04-22,Senior/in ,,BVR97481,08.03.2024
49,8422,Mia,,Schäfer ,Frau,99510,Brückenstraße 3,,mia.schäfer@t-online.de,036464/95161,W,15/04/1974,Gesundheits- und Krankenpfleger/in,,YBO28931,2023-05-22
50,6509,Emily ,,Mayer,Frau,92355,Karlstraße,2.0,emily.mayer@gmx.net,09182/716662,w,1956-02-07,Bauzeichner/in,,QJA76892,20/11/2022
51,2879,Max ,,Wagner,Hr.,92702,Lessingstraße,9.0,max.wagner@web.de,09608/847560,M,1924-03-18,Senior/in,Prof.,HTW42630,14/12/2024
52,7977,Lilly,,Wagner ,Frau,7366,Dorfstraße,5.0,lilly.wagner@t-online.de,036642/298677,Weiblich,2000-11-12,UX Designer/in,,WLS92683,28.11.2020
53,7229,Emilia,,Krüger,Frau,23858,Meisenweg,9.0,emilia.krüger@web.de,04533/318673,w,2006-05-22,Software Entwickler/in,,QVV19746,05/11/2022
54,9446,Lena,,Schmidt,Frau,17091,Buchenweg,10.0,lena.schmidt@gmx.net,039600/385348,w,1932-10-30,Senior/in,,JBW79635,2025-08-30
55,8881,Elias,,Zimmermann,Herr,31628,Meisenweg 8,,elias.zimmermann@t-online.de,05025/494992,m,13.03.1962,Ingenieur/in,,PAF15723,2021-03-01
56,8769,Laura,,Lange,Frau,99326,Danziger Straße,9.0,laura.lange@gmx.net,03629/50040,w,28.03.1967,Immobilienkaufmann/frau,,ESM95267,2024-03-22
57,4910,Luisa,,Schmitz,Frau,19374,Industriestraße,1.0,luisa.schmitz@gmx.net,038723/833347,W,2007-10-03,Verwaltungsfachangestellte/r,,NBT72543,2025-04-10
58,5444,Luka,,Hofmann ,Herr,23948,Wilhelmstraße,6.0,luka.hofmann@t-online.de,038428/75441,M,13.11.1967,Fachinformatiker/in,,EDH10283,2020-05-02
59,8999, Leonie,,Schwarz,Fr.,83552,Neue Straße,8.0,leonie.schwarz@gmail.com,08075/367770,w,1977-02-04,Koch/Köchin,,DDY03517,2021-05-03
60,3739,Lena,,König ,Frau,15378,Neuer Weg,6.0,lena.könig@t-online.de,033434/91223,Weiblich,1935-07-27,Senior/in,,TWS01827,08/10/2025
61,5542, Emily,,Lehmann,Frau,1768,Goethestraße 3,,emily.lehmann@t-online.de,035053/427899,w,25.12.1926, Senior/in ,,RYQ78124,2024-09-25
62,8393,Maximilian,,Schmid,Herr,17111,Heideweg,8.0,maximilian.schmid@gmail.com,039996/106152,M,15.07.1969,Zahntechniker/in,,PWG04152,2022-09-30
63,8016, Lina ,,Zimmermann,Frau,67271,Parkstraße,2.0,lina.zimmermann@web.de,06359/443527,w,1977-08-03,Sales Manager/in,Dr.,MHU97516,2024-04-02
64,7141,Lukas,,Bauer,Herr,25355,Gartenstraße,9.0,lukas.bauer@t-online.de,04123/30455,m,1959-12-08,Professor/in ,Prof.,TAE21684,30/12/2023
65,7335,Emma ,,Lange,Frau,51381,Mittelweg,4.0,emma.lange@t-online.de,0214/864575,w,1994-07-18,Account Manager/in,,WHD43518,2024-08-21
66,8506,Amelie ,,Huber,Frau,39343,Tannenweg,2.0,amelie.huber@web.de,039050/716726,W,1950-10-15,Senior/in ,,YBR29745,2025-03-16
67,4045, Laura,,Schmitt,Frau,67117,Drosselweg 6,,laura.schmitt@web.de,06236/689962,w,1932-04-08,Senior/in ,,GQI64732,2020-07-12
68,2518,Tim,,Werner,Herr,93092,Schützenstraße,9.0,tim.werner@gmx.net,09401/755611,m,08/08/1954,Senior/in,,NZK93687,2025-08-22
69,5652,Felix ,,Mayer,Herr,80337,Waldstraße,6.0,felix.mayer@t-online.de,089/327964,Männlich,1971-04-27,Maler/in und Lackierer/in,,THN18293,2025-04-12
70,4747,Jonas,, Meier ,Hr.,18059,Am Bahnhof,4.0,jonas.meier@t-online.de,038207/313047,m,1973-08-26, Personalreferent/in,,CIY92753,2023-03-19
71,3163,Jonas ,,Hofmann,Herr,6408,Tannenweg,3.0,jonas.hofmann@gmx.net,03471/786885,m,1947-03-09,Senior/in,,BPR76280,2023-11-20
72,8061,Emma,,Lehmann,Frau,74405,Eichendorffstraße,10.0,emma.lehmann@web.de,07971/143214,w,1955-11-07,Immobilienkaufmann/frau,,AAE82546,13.06.2022
73,8174,Sofia,, Richter,Fr.,99628,Eichenweg 8,,sofia.richter@web.de,036373/738201,w,1956-11-05,Finanzwirt/in,,SWV38261,2025-04-03
74,7453,Sofia ,,Schulz,Frau,91322,Stettiner Straße,4.0,sofia.schulz@gmx.net,09192/325225,w,07.12.1999,Gesundheits- und Krankenpfleger/in ,,XSM69253,07/04/2023
75,3062, Louis,,Klein,Hr.,74405,Jahnstraße,3.0,louis.klein@t-online.de,07971/588536,m,03/01/1949,Senior/in,,AVZ76051,2024-10-26
76,9192,Emily,,Bauer,Frau,6773,Am Bahnhof,2.0,emily.bauer@t-online.de,034955/20341,W,1956-06-28,Elektroniker/in im Handwerk,,XYR54261,2021-02-07
77,6670,Felix,,Braun,Hr.,25499,Bahnhofstraße,9.0,felix.braun@t-online.de,04101/563485,m,1993-06-22,Filmeditor/in Videoeditor/in,,VBO24183,2022-03-29
78,8484,Emma,,Köhler ,Frau,23974,Kirchstraße,7.0,emma.köhler@gmail.com,038426/245803,W,21.11.1946,Senior/in,,KOR96241,2024-12-06
79,3744,Lukas,,Huber,Hr.,6567,Feldstraße 3,,lukas.huber@gmail.com,034671/757998,M,18.04.1950,Senior/in,,FZQ51846,25.03.2021
80,4979,Louis,,Hartmann,Herr,24601,Neue Straße,4.0,louis.hartmann@web.de,04323/842374,m,Wed Sep 04 1946, Senior/in ,,YJI39847,2023-07-05
81,6831,Luisa,,Becker,Frau,19339,Ahornstraße,8.0,luisa.becker@gmx.net,038787/207831,w,1973-03-07,Software Entwickler/in,,OEY98203,2023-04-16
82,4540,Nele,,Schröder ,Frau,6722,Kurze Straße,1.0,nele.schröder@web.de,034425/826898,w,03.09.1991,Graphic Designer/in ,,EEN32418,03.12.2025
83,8017, Lilly ,,Meier,Frau,51381,Berliner Straße,6.0,lilly.meier@web.de,0214/426596,W,14.04.1928, Senior/in ,,ZZX23950,2020-04-28
84,7852,Maximilian ,,Lehmann ,Herr,56242,Lessingstraße,9.0,maximilian.lehmann@gmail.com,02626/216438,m,2004-12-26, Mechatroniker/in ,,EGE78095,Sun Apr 17 2022
85,8724,Philipp,,Schmitz,Hr.,99510,Feldstraße 8,,philipp.schmitz@web.de,036464/254039,m,26.06.1976,Projekt Manager/in ,,GEQ46952,2022-04-29
86,5095,Amelie ,,Neumann,Frau,66957,Stettiner Straße,10.0,amelie.neumann@gmail.com,06335/446437,W,1924-01-02,Senior/in,,QKR30642,2025-01-19
87,7767, Jonas ,, Huber ,Hr.,1097,Lindenweg,10.0,jonas.huber@gmx.net,0351/417569,M,27.04.1992, Gesundheits- und Krankenpfleger/in ,,XAJ54726,Sat Jun 20 2020
88,8165,Johanna,,Zimmermann,Frau,38836,Marktplatz,8.0,johanna.zimmermann@web.de,039422/746896,w,Sun Sep 04 1955,Senior/in,,ABP29308,2025-01-08
89,6464,Henry,,Wolf ,Herr,39398,Parkstraße,5.0,henry.wolf@t-online.de,039408/47213,Männlich,1976-02-29,Friseur/in ,,XAY85637,2025-12-14
90,7497,Luka,,Richter,Herr,26388,Beethovenstraße,9.0,luka.richter@web.de,04421/36867,m,10.10.1933,Senior/in,,RSB38507,2021-11-17
91,8671,Hanna,,Schäfer,Frau,19417,Berliner Straße 7,,hanna.schäfer@t-online.de,038484/195560,w,1998-07-11,Product Owner,,EKP25319,2020-01-06
92,4714,Johanna,,Müller ,Frau,16928,Ahornstraße,9.0,johanna.müller@web.de,033984/735809,W,1993-06-28,Key Account Manager/in ,,LDY92401,2022-01-23
93,3677,Noah,,Köhler,Hr.,25917,Marktstraße,9.0,noah.köhler@web.de,04662/812258,m,09/11/2003,Key Account Manager/in,,QKS08397,08/11/2021
94,6521,Mia,,Zimmermann,Fr.,37213,Kirchgasse,5.0,mia.zimmermann@gmx.net,05542/313622,w,1936-09-13,Senior/in ,,HTN10235,2020-05-07
95,3012,Emma,, Schmid,Frau,19089,Wiesenweg,3.0,emma.schmid@gmail.com,03863/640303,w,1978-04-21,Bauzeichner/in ,,HDZ65094,14.11.2025
96,3775,Lilly,, Walter,Frau,19417,Jahnstraße,5.0,lilly.walter@gmx.net,038484/543513,w,27.07.1996,Product Manager/in,,AUA50938,08.03.2021
97,4562,Lena,,Köhler,Frau,14913,Mozartstraße 3,,lena.köhler@gmail.com,033741/856344,w,1973-04-27,Personalreferent/in,Dr.,KHN08549,2024-04-20
98,2523,Nele,,Lange,Frau,4357,Marktplatz,5.0,nele.lange@gmail.com,0341/173107,w,1956-05-20, Controller/in,,OQZ26951,Thu Jan 16 2020
99,6188,Luka,,Koch ,Herr,24811,Am Bahnhof,9.0,luka.koch@gmx.net,04336/5967,m,1929-09-25,Senior/in ,,GZS57021,28.07.2025
100,9195,Ben,,Richter,Herr,97532,Hauptstraße,8.0,ben.richter@t-online.de,09720/678041,m,02/06/1957,Kaufmann/frau im E-Commerce,,ULP19276,2025-06-26
101,4588,Paul,,Schmitt,Herr,54673,Amselweg,2.0,paul.schmitt@gmx.net,06564/359885,m,Thu Feb 24 2000,Tiermedizinische/r Fachangestellte/r ,,GDU13647,2021-04-12
102,2586, Philipp,,Schulze ,Herr,4821,Bachstraße,4.0,philipp.schulze@gmail.com,034292/428809,m,02.04.1937,Senior/in,,BZO13642,2021-03-11
103,8589,Marie,,Meyer,Frau,15517,Rosenstraße 8,,marie.meyer@t-online.de,03361/22330,W,1953-08-06,Senior/in,,BIV80172,2022-08-31
104,4648, Luka,,Werner,Hr.,80337,Grüner Weg,6.0,luka.werner@web.de,089/177633,M,1964-09-01, Data Analyst ,,RPJ36951,2025-11-27
105,7176,Paul,,Bauer,Herr,67271,Bachstraße,6.0,paul.bauer@web.de,06359/828264,m,17/04/1930,Senior/in,,WIM98607,05.08.2025
106,3428,Moritz ,,Schneider ,Herr,99198,Marktplatz,1.0,moritz.schneider@gmail.com,036209/587712,M,1925-11-22,Senior/in,,BJP91352,2024-06-08
107,8806,Lina,, Becker ,Frau,19357,Ringstraße,7.0,lina.becker@gmx.net,038797/398229,w,18.06.2004,Account Manager/in,,THG15302,03.10.2020
108,3800,Lara,,Krause,Fr.,15517,Kirchstraße,6.0,lara.krause@gmx.net,03361/780177,w,1934-12-30, Senior/in ,,MTS72081,2022-07-31
109,2757,Max,,Kaiser ,Hr.,30966,Kirchstraße 2,,max.kaiser@gmail.com,0511/489631,M,17.01.1942,Senior/in,,CRT57412,2021-09-13
110,7593,Johanna ,,Werner,Fr.,82349,Marktplatz,2.0,johanna.werner@gmx.net,089/238904,w,1945-06-04, Senior/in ,,FOL08791,2022-06-21
111,6809, Marie ,,Schulze ,Frau,1768,Lindenweg,10.0,marie.schulze@gmx.net,035053/743926,w,07/08/1941,Senior/in,Dr.,UHA13426,2023-07-18
112,3245, Leon,,Schwarz,Herr,17252,Kirchplatz,5.0,leon.schwarz@t-online.de,039833/842113,m,1986-10-08,Industriekaufmann/frau,,ZDI46172,24.10.2025
113,6347,Jonas,,Lehmann,Herr,1768,Bahnhofstraße,3.0,jonas.lehmann@web.de,035053/373667,m,19.09.1980,Sektions- und Präparationsassistent/in,,EPR90352,25.06.2024
114,8910,Henry ,,Schröder,Herr,76848,Burgstraße,8.0,henry.schröder@t-online.de,06392/469545,M,1969-10-10, Personalreferent/in ,,OYT06597,2022-07-15
115,6929,Leonie,, Hartmann ,Frau,23948,Kirchstraße 8,,leonie.hartmann@gmail.com,038428/544699,w,1958-01-18,Mechatroniker/in ,,FXW26180,2020-11-05
116,4772,Noah,,Hofmann,Herr,72355,Kiefernweg,1.0,noah.hofmann@gmx.net,07427/612776,m,1978-12-31, Immobilienwirt ,,ESH72635,2024-08-12
117,7433,Felix,,Zimmermann ,Herr,18230,Lange Straße,7.0,felix.zimmermann@web.de,038296/734490,m,1934-08-06, Senior/in,,ZBG60185,2021-11-26
118,4065, Lina ,,Kaiser,Fr.,72355,Danziger Straße,2.0,lina.kaiser@gmx.net,07427/236209,w,1990-06-12,Professor/in,Prof.,OQF16032,2023-07-12
119,5298,Maximilian ,,Fischer,Hr.,24594,Rosenstraße,5.0,maximilian.fischer@t-online.de,04871/831585,Männlich,03.10.1924,Senior/in ,,OGW24738,2025-02-12
120,7271,Anna,,Maier ,Frau,34626,Mittelweg,7.0,anna.maier@gmx.net,06694/2610,w,1983-01-26,Immobilienkaufmann/frau,,XKQ41586,2022-03-07
121,5683,Maximilian ,,Becker,Herr,56357,Bachstraße 1,,maximilian.becker@gmail.com,06772/737450,Männlich,1989-02-24,Product Owner,,ZHC79653,2025-03-20
122,6119, Amelie,,Lehmann ,Frau,39398,Am Anger,9.0,amelie.lehmann@t-online.de,039408/136044,W,1980-02-04,Automobilkaufmann/frau,,GCR78524,Sat Jun 03 2023
123,8392,Luka,, Hofmann ,Hr.,6408,Danziger Straße,10.0,luka.hofmann@gmx.net,03471/220340,m,12.03.1993,Key Account Manager/in,,IGF79364,23.10.2022
124,3438,Luka ,,Fischer,Hr.,64372,Schwalbenweg,1.0,luka.fischer@gmail.com,06154/219005,m,29.10.1934,Senior/in,,JEZ90823,23/03/2025
125,8645, Paul,,Schneider ,Hr.,18239,Eichenweg,3.0,paul.schneider@gmail.com,038207/290537,m,1958-02-23,Gesundheits- und Krankenpfleger/in ,,GLM16358,2021-10-14
126,8862,Jakob,,Schmitt,Hr.,67586,Gartenweg,3.0,jakob.schmitt@t-online.de,06733/220150,m,07.03.1984,Konditor/in ,,ZQW04729,2020-11-23
127,4805,Luka,,Klein,Herr,23936,Marktstraße 5,,luka.klein@gmx.net,03881/599041,m,1948-05-05,Senior/in ,,EKI10486,2022-06-13
128,5170, Lina ,,Werner ,Frau,17111,Grüner Weg,9.0,lina.werner@gmx.net,039996/364213,w,13/11/1985, Landwirt/in ,,HVN74283,2021-08-15
129,7527,Maximilian ,,Zimmermann,Hr.,56653,Mittelweg,2.0,maximilian.zimmermann@gmx.net,02636/629366,m,2008-11-04,Bauzeichner/in ,,FAJ30689,2021-12-09
130,8252,Julian ,, Weber,Hr.,1683,Ulmenweg,2.0,julian.weber@gmx.net,035242/709899,m,02.10.1992,Konditor/in ,,WZA25418,31/01/2021
131,2887,Henry ,, Bauer ,Herr,51381,Hauptstraße,6.0,henry.bauer@gmail.com,0214/883557,Männlich,16.03.1966,Elektroniker/in im Handwerk ,,HSK07963,2024-11-12
132,5860, Lea ,,Mayer,Fr.,56244,Marktstraße,8.0,lea.mayer@web.de,02666/145955,w,17.12.2000, Business Analyst,,SCQ52041,2022-10-04
133,5326, Max ,,Hofmann ,Hr.,73453,Kirchgasse 4,,max.hofmann@gmx.net,07975/885987,m,1982-08-30,Ingenieur/in,,DDV36285,2023-01-16
134,2709,Lilly,,Lange,Frau,48147,Neue Straße,9.0,lilly.lange@gmx.net,0251/3916,W,14/05/1992, Sales Manager/in,Dr.,SIJ47206,23.04.2022
135,7495,Tim,,Schröder ,Herr,1097,Eichenstraße,2.0,tim.schröder@gmx.net,0351/547288,M,01.02.1927, Senior/in ,,OHB72189,23.07.2025
136,4799,Laura,,Richter,Fr.,19374,Meisenweg,7.0,laura.richter@gmx.net,038723/799852,w,Thu Oct 05 2000,Gesundheits- und Krankenpfleger/in,,GHU92405,22.01.2020
137,5602,Hanna,,Schmitt,Frau,6721,Eichenstraße,8.0,hanna.schmitt@gmx.net,034425/758362,W,17.05.1924,Senior/in,,YNV91083,2025-07-16
138,6958, Luka ,, Becker,Herr,29588,Wilhelmstraße,5.0,luka.becker@web.de,05805/107455,m,1978-08-29, Professor/in ,Prof.,WKK49306,2020-08-11
139,2880, Louis,,Schmidt,Herr,35463,Fichtenweg 3,,louis.schmidt@gmx.net,06404/731459,Männlich,1932-02-10,Senior/in,,MTB56094,2024-10-06
140,4161,Louis,,Fuchs,Herr,4626,Ulmenweg,4.0,louis.fuchs@gmx.net,034496/893703,m,14.08.1997,Landwirt/in ,,EPL62310,Tue Nov 07 2023
141,4226, Noah ,, Huber,Herr,99869,Schubertstraße,2.0,noah.huber@web.de,03621/122427,Männlich,1976-02-04,Ingenieur/in,Dr.,VCJ61935,2020-05-21
142,5981, Jakob ,,Schmid,Herr,18230,Schubertstraße,5.0,jakob.schmid@gmail.com,038296/26582,Männlich,1939-06-29,Senior/in,,ZTM83190,2021-05-03
143,8579,Marie ,,Schwarz ,Frau,22885,Dorfstraße,8.0,marie.schwarz@gmx.net,040/111127,w,14.11.1996,Account Manager/in,,BSY08974,22/09/2025
144,5118,Lilly ,,Schulze,Fr.,45327,Mühlenstraße,7.0,lilly.schulze@gmx.net,0201/353949,W,14/10/1957,Product Owner,Dr.,XZU10967,29.01.2020
145,3933, Emilia ,, Bauer,Frau,55444,Kolpingstraße 3,,emilia.bauer@t-online.de,06724/383094,w,09.05.1972,Immobilienkaufmann/frau,,FKU37045,27.02.2025
146,4872,Lilly,,Schröder,Frau,6618,Fliederweg,6.0,lilly.schröder@gmail.com,034466/640812,W,25/05/1962,Konditor/in ,,ADF69801,22.09.2021
147,2645, Emily,, Schmidt,Frau,24594,Mühlenstraße,1.0,emily.schmidt@gmail.com,04871/421469,w,11.09.1937,Senior/in,,JZV29807,2024-09-04
148,5381,Lukas ,,Schröder,Herr,57635,Ringstraße,9.0,lukas.schröder@gmx.net,02686/674821,M,1999-10-17, Verwaltungsfachangestellte/r,,UMH75609,29.04.2021
149,6992,Jakob,,Fuchs,Herr,17111,Mühlenweg,10.0,jakob.fuchs@web.de,039996/387221,m,1972-12-04, Key Account Manager/in,,FKW23914,03.04.2025
150,8166,Mia,,Krause,Frau,18337,Lessingstraße,9.0,mia.krause@gmail.com,038221/34499,w,20.04.1945,Senior/in,,WHE10245,2022-06-10
151,3114,Maximilian,,Braun ,Hr.,37441,Wilhelmstraße 5,,maximilian.braun@gmx.net,05523/854117,Männlich,1981-01-09,Key Account Manager/in,,RBB92704,2022-06-02
152,4022,Luisa ,, Huber,Frau,99100,Stettiner Straße,2.0,luisa.huber@gmail.com,0361/56472,w,1980-09-12,Friseur/in ,,EGG91623,2025-03-11
153,5921, Ben ,,Schulze,Herr,29588,Kurze Straße,7.0,ben.schulze@t-online.de,05805/59475,m,1983-07-22,Sales Manager/in,,HBO10534,2022-04-05
154,8888,Marie,,Schneider,Frau,39307,Gartenstraße,1.0,marie.schneider@gmx.net,039346/206201,Weiblich,29.04.1950,Senior/in,,CXZ96258,04/02/2024
155,9468,Lea,,Kaiser,Frau,71229,Rosenweg,8.0,lea.kaiser@gmail.com,07152/110638,w,21.02.1971,Kaufmann/frau im E-Commerce,,GHY57804,2025-04-29
156,6376,Ben,,Müller,Herr,55490,Marktstraße,8.0,ben.müller@gmx.net,06765/603442,m,1955-11-05, Sales Manager/in ,,BCF29173,2022-10-14
157,3874,Hanna,,Maier,Frau,99100,Römerstraße 2,,hanna.maier@gmx.net,0361/644302,w,2005-06-06,Product Manager/in,,AUB50147,2022-03-13
158,8321, Mia ,,Schneider,Fr.,99869,Bahnhofstraße,7.0,mia.schneider@gmail.com,03621/583948,w,06.07.1932, Senior/in ,,YJI36058,2022-03-21
159,5456,Emma ,, Becker,Frau,27367,Nordstraße,4.0,emma.becker@gmail.com,04268/90446,w,13.03.1950,Senior/in,,BUG93510,21.03.2020
160,5437,Max,, Wolf,Herr,31628,Wiesenstraße,7.0,max.wolf@web.de,05025/374975,m,Sat Jun 12 1999, Business Analyst ,,PKJ69078,2022-09-09
161,4925,Max ,,Müller,Herr,55234,Fliederweg,5.0,max.müller@t-online.de,06731/461947,M,15.01.1974, Industriekaufmann/frau ,,UKP79624,07.06.2021
162,6971,Leonie ,, Köhler,Frau,92355,Schützenstraße,7.0,leonie.köhler@gmail.com,09182/577076,Weiblich,21.04.1994,Data Analyst,,VRE14805,2025-09-26
163,3594,Niklas,, Klein ,Herr,18239,Mittelweg 8,,niklas.klein@gmail.com,038207/8515,M,17.04.1945,Senior/in ,,LMV18405,30.10.2020
164,9176, Amelie,,Fischer,Frau,35781,Kiefernweg,4.0,amelie.fischer@t-online.de,06471/170219,w,1999-02-08,Personalreferent/in,,VTI65947,23.06.2025
165,5120,Lea,,Schmitz,Frau,35114,Blumenstraße,2.0,lea.schmitz@gmx.net,06456/203193,w,24.01.1944,Senior/in,,LZD31508,2020-10-04
166,6635,Jakob,,Fuchs,Herr,6803,Neuer Weg,3.0,jakob.fuchs@gmail.com,03494/548399,M,31/10/1948, Senior/in,,OKB38546,2024-12-04
167,6009, Henry ,, Zimmermann,Hr.,56459,Wilhelmstraße,4.0,henry.zimmermann@web.de,02663/124864,Männlich,17.03.1938,Senior/in,,MXL81275,05.09.2025
168,9424,Lina ,,Schwarz ,Frau,16259,Finkenweg,4.0,lina.schwarz@gmx.net,033451/843099,w,1947-11-24,Senior/in,,ZBJ79820,19.02.2020
169,6311,Lina ,,Meier,Frau,19417,Birkenstraße 5,,lina.meier@gmail.com,038484/40917,W,08.01.1931,Senior/in,,ERA02497,2021-03-02
170,5420,Niklas,,Becker,Herr,33604,Am Hang,3.0,niklas.becker@gmail.com,0521/524755,M,1935-03-09,Senior/in,,YRD72635,06.08.2022
171,8045,Henry,, Werner,Herr,50827,Beethovenstraße,1.0,henry.werner@gmx.net,0221/147711,M,1964-07-30,Data Analyst,,RJT12579,2023-08-29
172,2913,Moritz ,,Schmitt,Herr,19339,Industriestraße,4.0,moritz.schmitt@t-online.de,038787/846826,M,1955-05-18,Senior/in,,JFM15679,Sat Apr 29 2023
173,6008,Sophie,,Mayer,Fr.,19374,Industriestraße,10.0,sophie.mayer@gmx.net,038723/838492,w,1952-11-15,Senior/in,,NES80375,2023-07-13
174,5627,Niklas ,,Weber ,Herr,75382,Lange Straße,1.0,niklas.weber@t-online.de,07051/881527,m,1934-08-22,Senior/in,,ONJ92674,2021-02-03
175,3787,Marie,, Braun,Frau,49393,Stettiner Straße 7,,marie.braun@gmail.com,04442/834795,Weiblich,1970-05-30,Data Scientist,,JGU63082,20.02.2024
176,5816,Lara,,Fuchs,Frau,72488,Kolpingstraße,5.0,lara.fuchs@gmail.com,07571/181903,w,1981-05-11,Kaufmann/frau im E-Commerce,,QHB94516,21/04/2021
177,5783, Louis,,Koch,Herr,53520,Raiffeisenstraße,2.0,louis.koch@t-online.de,02694/599360,m,1955-05-28,Senior/in,,FAQ06381,2020-09-09
178,8901,Nele,,Mayer,Frau,55444,Lärchenweg,8.0,nele.mayer@gmail.com,06724/234871,w,1960-07-24,Bauzeichner/in ,,CTS32150,2025-10-03
179,4974,Marie,,Schröder,Frau,88524,Fliederweg,8.0,marie.schröder@web.de,07374/547912,W,23.11.1950,Senior/in,Dr.,NPK16984,28.07.2025
180,7150,Lilly,,Lehmann,Frau,83080,Grüner Weg,7.0,lilly.lehmann@t-online.de,08033/551911,w,2009-02-13, Ingenieur/in ,,JZT61273,01/12/2020
181,3196, Noah ,, Braun,Herr,53506,Birkenweg 7,,noah.braun@web.de,02643/35941,m,30/03/1963,Controller/in,Dr.,DJS70329,07/12/2021
182,5341,Moritz,,Maier ,Herr,6184,Sudetenstraße,4.0,moritz.maier@web.de,034602/828966,m,1998-11-10,Industriekaufmann/frau,,LYQ68713,20.12.2024
183,4906,Luka,, Weber ,Hr.,99102,Eichendorffstraße,5.0,luka.weber@gmx.net,0361/158139,Männlich,1971-01-01,Landwirt/in,,FWX92651,2021-08-12
184,4940, Emma,, Krause,Frau,12359,Lessingstraße,1.0,emma.krause@t-online.de,030/534596,Weiblich,1987-12-19,Sales Manager/in,,TCF43685,2022-11-22
185,4921,Lilly,, Krüger ,Frau,9477,Gartenweg,2.0,lilly.krüger@gmail.com,037343/831404,Weiblich,1968-06-25,Personalreferent/in,,EOI29751,2020-04-26
186,2794,Max,,Schäfer,Herr,17089,Kirchstraße,9.0,max.schäfer@t-online.de,03961/817029,m,2001-12-14, Elektroniker/in im Handwerk ,,PKK24369,2021-11-28
187,3703,Jonas ,,Werner,Hr.,97486,Rosenweg 3,,jonas.werner@web.de,09525/116633,M,07.03.1998,Sektions- und Präparationsassistent/in,,ZDG13602,2022-07-27
188,3952, Lilly,, Schwarz ,Frau,6647,Eichenweg,9.0,lilly.schwarz@t-online.de,034465/788707,w,1930-11-20,Senior/in,,FGC89572,01/04/2024
189,6625,Johanna,,Braun,Fr.,67117,Marktplatz,6.0,johanna.braun@gmail.com,06236/97200,w,02.11.1993,Data Analyst,,VJU83459,28.06.2025
190,7265,Marie ,, Wolf,Frau,39356,Rosenstraße,1.0,marie.wolf@gmail.com,039055/540538,w,18.03.2000,Verwaltungsfachangestellte/r,,ZVP53419,2021-06-07
191,5523,Marie,,Neumann ,Frau,40233,Ahornstraße,10.0,marie.neumann@web.de,0211/172665,w,1960-02-02,Immobilienwirt,,GPL85609,2024-11-17
192,7073, Hanna ,,Klein,Fr.,83080,Neuer Weg,9.0,hanna.klein@t-online.de,08033/363144,W,21.06.1996,Zahntechniker/in,,PHA29613,2023-03-08
193,9403, Jonas,,Kaiser,Herr,56459,Mittelweg 7,,jonas.kaiser@gmail.com,02663/307608,Männlich,1947-11-17,Senior/in,,JMM12047,2024-01-31
194,3206,Hanna ,,Becker,Frau,1909,Flurstraße,5.0,hanna.becker@gmail.com,035954/278349,w,Sat Oct 03 1931,Senior/in,,XTT49035,21/06/2020
195,6130,Felix ,,Walter,Herr,79618,Lindenweg,9.0,felix.walter@gmx.net,07623/141692,m,06.11.1952, Senior/in,,LHG19024,2025-09-08
196,3911, Niklas,,Wolf,Herr,23738,Am Anger,6.0,niklas.wolf@t-online.de,04564/779085,m,1978-12-24,Fluglotse/Fluglotsin,,FKK04895,2025-10-04
197,3777, Emilia,,Herrmann ,Frau,1909,Schwalbenweg,9.0,emilia.herrmann@t-online.de,035954/611276,W,26.02.1931,Senior/in,Dr.,CQA39754,2022-12-20
198,9307,Jakob ,, Meier ,Herr,25774,Sonnenstraße,7.0,jakob.meier@web.de,04882/98001,m,1953-11-14,Senior/in ,Dr.,COD15709,2025-04-29
199,8851,Noah,,Wagner,Herr,24790,Marienstraße 7,,noah.wagner@gmx.net,04331/347229,m,1932-06-20,Senior/in,Dr.,YQC57208,2025-04-01
200,8312,Max,, Schulze ,Herr,6408,Rosenstraße,6.0,max.schulze@gmx.net,03471/324835,m,1937-07-25, Senior/in,,FEW08619,2020-01-02
201,6494,Nele,, Neumann,Frau,66903,Am Bahnhof,9.0,nele.neumann@gmx.net,06386/287892,w,06/11/1970,Graphic Designer/in,Dr.,XCI34715,2024-06-01
202,3079,Moritz ,,Meier ,Herr,55234,Amselweg,1.0,moritz.meier@web.de,06731/852740,m,16.08.1932, Senior/in ,,PVZ86725,2020-03-30
203,6866,Jonas,,Schulze ,Hr.,99102,Gartenstraße,4.0,jonas.schulze@web.de,0361/377898,Männlich,1948-09-26,Senior/in,,KZT65237,2023-01-11
204,8356,Elias ,,Klein,Herr,19230,Mittelstraße,1.0,elias.klein@t-online.de,038856/560026,m,13.08.1990,Gesundheits- und Krankenpfleger/in,,JYP71208,2023-04-12
205,6345,Maximilian,,Fischer,Herr,97074,Ginsterweg 9,,maximilian.fischer@gmail.com,0931/381440,m,1975-08-23,Product Manager/in,Dr.,AMS31206,06/09/2021
206,4148,Jonas ,, Krause ,Herr,25899,Kirchgasse,8.0,jonas.krause@gmx.net,04665/730613,M,1924-05-09, Senior/in ,,SES14532,25.11.2023
207,7337,Laura ,,Wolf,Fr.,56242,Lärchenweg,2.0,laura.wolf@gmx.net,02626/479715,Weiblich,1990-09-06, Koch/Köchin,,ZFY45769,2023-05-27
208,7874,Philipp ,,Schäfer,Herr,25337,Wilhelmstraße,7.0,philipp.schäfer@gmx.net,04121/320711,M,14.04.2002, Account Manager/in ,,BEZ26380,2024-02-08
209,8103, Emilia ,, König,Fr.,38518,Mühlenweg,2.0,emilia.könig@t-online.de,05371/743352,w,1979-04-29,Gesundheits- und Krankenpfleger/in ,,RJM95018,05.12.2020
210,6075,Leonie,,Herrmann,Frau,24619,Friedrichstraße,2.0,leonie.herrmann@gmail.com,04323/355832,W,1976-03-18,Data Analyst,,OVU02978,2020-01-20
211,4211,Jakob,,Richter,Hr.,74597,Am Hang 1,,jakob.richter@t-online.de,07967/24710,M,01.11.1925,Senior/in,,XEL46230,2023-12-07
212,5753, Hanna,, Lange ,Frau,54574,Am Sportplatz,2.0,hanna.lange@t-online.de,06594/607080,w,1996-09-10,Product Owner,,XMP46091,2025-05-11
213,3510,Felix,,Koch,Herr,73642,Mittelstraße,7.0,felix.koch@gmx.net,07182/386757,M,2007-08-26, Data Analyst,,VQC47369,18.03.2024
214,5091, Elias,,Weber,Herr,55234,Kapellenweg,4.0,elias.weber@web.de,06731/131102,M,2009-01-27,Konditor/in,,LKO63419,2025-09-15
215,4316,Amelie,,Wagner,Frau,1936,Lindenstraße,4.0,amelie.wagner@t-online.de,035795/359725,W,1942-09-20,Senior/in,,QDW69538,17/03/2025
216,9178,Amelie,,Krüger,Frau,15517,Waldstraße,5.0,amelie.krüger@web.de,03361/247448,W,1992-10-20,Gesundheits- und Krankenpfleger/in ,,KMY29873,2021-06-05
217,7036, Emilia ,,Mayer,Frau,9496,Stettiner Straße 5,,emilia.mayer@gmx.net,037364/774320,w,1936-02-18,Senior/in,,DZX16380,2024-03-06
218,7559,Sofia,,Köhler ,Fr.,67677,Eichendorffstraße,5.0,sofia.köhler@t-online.de,06303/831099,W,1925-01-14,Senior/in,,YQQ86724,23.05.2020
219,8512,Felix,,Werner ,Herr,79112,Am Sportplatz,10.0,felix.werner@web.de,0761/261605,m,07.05.1942,Senior/in ,Prof.,YUA18632,2022-03-14
220,5837,Lukas ,, Müller ,Herr,67691,Wilhelmstraße,4.0,lukas.müller@t-online.de,06305/392758,m,1996-05-03,Elektroniker/in im Handwerk,,FJJ21437,2025-05-27
221,4689,Anna,,Schulz,Frau,83257,Lessingstraße,10.0,anna.schulz@gmx.net,08054/903689,w,1954-02-01,Senior/in,Prof.,QEA83706,31.08.2022
222,8716,Marie,,Richter,Frau,35781,Römerstraße,3.0,marie.richter@t-online.de,06471/569066,W,17.09.1928,Senior/in,,ESJ83701,2024-05-16
223,7479,Lukas,, Becker ,Hr.,24594,Kolpingstraße 10,,lukas.becker@gmx.net,04871/443692,m,14.12.1925, Senior/in ,,SID01394,2024-01-13
224,5397,Lena,,Hartmann,Frau,39398,Karlstraße,10.0,lena.hartmann@gmx.net,039408/848430,w,1968-02-07,Zahntechniker/in,,VSG28071,31.08.2024
225,4372,Emma,,Schmitt ,Frau,22929,Neue Straße,9.0,emma.schmitt@gmail.com,04159/344283,w,1953-01-21,Senior/in,,FHA52916,25.10.2021
226,5758, Felix,,Hartmann,Herr,82041,Hauptstraße,2.0,felix.hartmann@gmx.net,08170/290585,m,01/03/1952,Senior/in ,Prof.,MIS56289,24.06.2025
227,9037,Jakob ,,Hoffmann,Hr.,7806,Kurze Straße,4.0,jakob.hoffmann@web.de,036481/723366,M,26.01.1936,Senior/in,,TQR30468,2022-02-16
228,9082,Sophie,,Maier,Fr.,48527,Marienstraße,2.0,sophie.maier@gmail.com,05921/511055,w,1959-06-13,Konditor/in,,YMC48675,27/09/2022
229,7748,Emily,,Hartmann,Fr.,94107,Tannenweg 4,,emily.hartmann@t-online.de,08593/371393,Weiblich,1965-09-01,Data Scientist,,NOD92538,08/04/2023
230,7905,Lara,,Weber,Frau,23758,Rosenstraße,4.0,lara.weber@gmail.com,04361/368466,w,27.11.1987,Account Manager/in,,ZCC65907,01.10.2021
231,4082,Noah ,, Hoffmann,Herr,17252,Rosenstraße,4.0,noah.hoffmann@gmail.com,039833/500221,m,22.10.2005,Data Scientist ,,RUN50286,2020-02-05
232,6692,Anna,,Schmitt ,Fr.,6571,Flurstraße,3.0,anna.schmitt@t-online.de,034672/719811,w,1988-12-28,Tiermedizinische/r Fachangestellte/r,,HES35628,2025-02-24
233,2563, Philipp,,Krause,Hr.,12359,Erlenweg,9.0,philipp.krause@gmail.com,030/631974,m,1928-01-07,Senior/in,,QFX72360,18.12.2024
234,2928, Hanna ,, Weber,Frau,37213,Ginsterweg,7.0,hanna.weber@t-online.de,05542/278394,w,1989-11-10, Key Account Manager/in,Dr.,DCK91635,Sun Nov 02 2025
235,3501,Jakob,,Müller ,Herr,39291,Nordstraße 5,,jakob.müller@web.de,03921/9985,m,1953-05-01,Senior/in,,XEO81239,21.08.2022
236,3976, Finn ,,Müller,Herr,56357,Raiffeisenstraße,9.0,finn.müller@gmx.net,06772/212434,m,19/08/2009, Product Owner,,GBD29840,04.11.2025
237,5645,Laura,,Krause,Frau,39343,Friedhofstraße,2.0,laura.krause@t-online.de,039050/253689,W,1950-03-02,Senior/in,Dr.,VIX19475,2022-11-10
238,8464,Nele ,,Bauer,Frau,9477,Eichenweg,7.0,nele.bauer@t-online.de,037343/123205,w,1980-11-04, Automobilkaufmann/frau,,ACD42561,2020-05-25
239,3018, Lara,,Schulz,Frau,6556,Brückenstraße,3.0,lara.schulz@web.de,0345/20932,W,02.07.1946,Senior/in,,IKF64905,2024-05-19
240,5186, Mia,, Schröder ,Fr.,99988,Feldstraße,9.0,mia.schröder@web.de,036024/685778,w,27.07.1932, Senior/in,Prof.,RLY97306,2022-09-08
241,6734,Emilia,,Kaiser ,Frau,27624,Breslauer Straße 4,,emilia.kaiser@gmail.com,04745/484291,w,1952-03-10,Senior/in,,KJF10563,2024-01-11
242,7344,Niklas,,Meier ,Hr.,18334,Danziger Straße,4.0,niklas.meier@gmail.com,038228/115657,M,1971-10-15,Verwaltungsfachangestellte/r,,WOO68102,13.07.2020
243,8801,Felix ,,Meyer,Herr,6779,Mittelweg,8.0,felix.meyer@gmx.net,034906/590829,Männlich,1933-10-11,Senior/in,,XMA86137,2024-06-09
244,2997,Lina,,Lange,Fr.,19230,Lessingstraße,2.0,lina.lange@gmx.net,038856/713949,w,11.09.1967,Tischler/in,,ZQU74930,07/09/2023
245,3281,Lara ,,Werner,Frau,35114,Schloßstraße,9.0,lara.werner@web.de,06456/734033,W,19/08/2007,Fluglotse/Fluglotsin,,VTZ38705,2021-03-04
246,6381,Paul,,Schwarz,Hr.,25499,Wilhelmstraße,7.0,paul.schwarz@gmx.net,04101/287091,m,16.05.1956, Elektroniker/in im Handwerk ,,QUP13206,2021-01-28
247,8983,Henry,,Braun ,Herr,19339,Erlenweg 1,,henry.braun@web.de,038787/775944,m,04/03/1950, Senior/in,Dr.,EKO18295,16/02/2020
248,7206,Hanna,,Klein,Frau,99735,Eschenweg,7.0,hanna.klein@web.de,036334/720009,w,1976-11-12,Product Manager/in,,DNM12589,08/11/2021
249,3715, Johanna,,Lange,Frau,21734,Friedrichstraße,3.0,johanna.lange@gmx.net,04753/29700,W,28/09/1963,UX Designer/in,,QZL93867,2025-12-23
250,2771,Maximilian ,,Fischer ,Hr.,19357,Mühlweg,3.0,maximilian.fischer@web.de,038797/782021,M,Sat Mar 08 1986,Controller/in,Dr.,UMR30927,2023-10-08
251,8236,Lara,,Klein,Frau,19417,Grüner Weg,10.0,lara.klein@gmail.com,038484/97637,w,13/08/1992, Controller/in,,EPD71406,11.03.2021
252,2940,Mia,,Schmitz ,Frau,76848,Kastanienweg,9.0,mia.schmitz@gmx.net,06392/603264,Weiblich,1929-09-17,Senior/in,,JCR10536,2022-02-03
253,6016, Niklas,,Kaiser,Hr.,50827,Neuer Weg 9,,niklas.kaiser@t-online.de,0221/576439,m,10.12.1959,Konditor/in ,,FCJ40791,2021-12-13
254,6916,Henry,,Schröder,Hr.,93057,Friedhofsweg,7.0,henry.schröder@gmail.com,0941/824801,m,26.01.1957,Gesundheits- und Krankenpfleger/in,,XGY45673,2023-05-19
255,5238, Maximilian,, König ,Herr,40233,Lindenstraße,8.0,maximilian.könig@t-online.de,0211/781767,m,1934-12-14,Senior/in,,BLV89702,2023-09-13
256,3917,Emma,,König,Frau,4821,Marktplatz,6.0,emma.könig@t-online.de,034292/219444,W,1931-11-25,Senior/in ,,FLJ05193,Fri Jun 10 2022
257,9210,Anna,, Koch ,Frau,99510,Burgstraße,2.0,anna.koch@gmx.net,036464/543203,w,1957-08-03,Bauzeichner/in,,QLT47610,2022-07-08
258,7296,Henry ,,Schwarz,Hr.,53520,Schloßstraße,2.0,henry.schwarz@gmx.net,02694/835429,m,2005-10-14, Software Entwickler/in ,,JTR20689,2025-08-05
259,8452, Marie,,Lange ,Frau,99628,Eichenstraße 10,,marie.lange@gmx.net,036373/258767,W,12.09.1972,Data Scientist,,PMQ12380,2022-01-05
260,8232, Lena ,,Neumann,Fr.,24619,Bergstraße,2.0,lena.neumann@web.de,04323/893429,W,1959-07-16,Immobilienkaufmann/frau ,,IPS68537,24.04.2024
261,7338,Sofia,,Schulze ,Frau,19339,Gartenstraße,5.0,sofia.schulze@t-online.de,038787/293582,w,2003-11-07,UX Designer/in,,RGX29678,28.09.2024
262,6025,Emma,,Kaiser ,Frau,67117,Drosselweg,3.0,emma.kaiser@t-online.de,06236/563646,w,1943-12-14, Senior/in,,PMP96275,2025-01-21
263,6947,Nele,,Wolf,Fr.,6721,Königsberger Straße,3.0,nele.wolf@t-online.de,034425/179670,w,20.06.1947,Senior/in ,,BHQ72835,02.09.2022
264,4621,Sofia,,Hofmann,Fr.,35315,Kirchweg,4.0,sofia.hofmann@t-online.de,06633/338788,W,12/05/1980,Fachinformatiker/in ,,GGA05298,27.05.2025
265,8156, Niklas ,, Schmitt ,Hr.,21734,Eichenweg 10,,niklas.schmitt@gmail.com,04753/879150,m,1993-07-12,Business Analyst ,,JLQ19082,2024-05-02
266,5950, Finn ,,Bauer,Herr,7422,Hauptstraße,3.0,finn.bauer@gmx.net,036739/594414,M,1979-01-06,Immobilienwirt,,JNU07362,2020-10-07
267,2510,Amelie ,,Fischer,Frau,97795,Wilhelmstraße,8.0,amelie.fischer@gmail.com,09747/443823,w,1937-02-07, Senior/in,,SIJ14967,2023-11-29
268,7215,Sophie,,Schmitz ,Frau,26529,Neuer Weg,9.0,sophie.schmitz@t-online.de,04936/218824,w,11.01.1959,Key Account Manager/in,,NFB62714,23.11.2022
269,2706,Leonie,, Meyer ,Frau,24811,Königsberger Straße,7.0,leonie.meyer@t-online.de,04336/83394,w,22/10/1936,Senior/in,,DKN91743,02.03.2022
270,7145,Nele,,Herrmann ,Frau,37318,Gartenweg,7.0,nele.herrmann@gmail.com,036083/600872,w,1931-08-14,Senior/in ,,DDC90843,22.04.2022
271,3765, Marie,,Schröder ,Frau,51789,Buchenweg 7,,marie.schröder@t-online.de,02266/715863,w,1929-09-26, Senior/in ,,JGK85240,2020-03-01
272,2956,Luisa ,,Schäfer,Frau,39343,Hauptstraße,2.0,luisa.schäfer@gmail.com,039050/502408,w,29/12/1989,Product Owner,,WHA50269,2023-04-18
273,4054, Moritz ,,Bauer,Herr,16515,Meisenweg,3.0,moritz.bauer@web.de,03301/899886,m,23/06/1943, Senior/in,Prof.,RWY12786,07/06/2022
274,4382, Luisa ,,Werner,Frau,54570,Drosselweg,4.0,luisa.werner@web.de,06591/386098,w,12.10.1996,Fluglotse/Fluglotsin,,QKT36840,05.08.2024
275,7512,Sofia ,,Krause ,Fr.,44801,Waldweg,4.0,sofia.krause@web.de,0234/473424,w,1978-05-15,Ingenieur/in,Dr.,JAF17268,2022-12-10
276,4685, Paul ,,Hoffmann,Herr,6773,Kastanienweg,5.0,paul.hoffmann@gmail.com,034955/148606,m,Tue Mar 08 1983, Data Analyst,Dr.,HXE46839,2021-01-30
277,4989,Emma,,Becker,Fr.,24601,Kapellenweg 8,,emma.becker@gmx.net,04323/807471,W,07.10.1981,Professor/in,Prof.,BPD42106,2024-11-02
278,5343, Finn,,Wagner ,Hr.,71287,Hauptstraße,9.0,finn.wagner@web.de,07044/255755,m,1948-03-17,Senior/in,,OHN41623,2024-06-13
279,4574,Luisa,,Köhler,Frau,37136,Burgstraße,5.0,luisa.köhler@gmail.com,05507/816976,w,1931-10-06, Senior/in ,,OGB35701,2023-06-20
280,8500,Louis,,Huber,Herr,16259,Neue Straße,8.0,louis.huber@t-online.de,033451/446484,M,1949-10-26, Senior/in,,WIP69283,26.05.2025
281,8612,Noah ,,Weber,Herr,23970,Jahnstraße,3.0,noah.weber@gmx.net,03841/288595,m,16/12/1957,Fachinformatiker/in,,CXO08764,2025-09-14
282,4061, Henry ,,Krause,Hr.,67271,Fichtenweg,1.0,henry.krause@web.de,06359/411520,m,01.10.1946,Senior/in,,SIZ37956,2021-07-25
283,9261,Henry ,,Richter,Herr,19322,Schulweg 2,,henry.richter@t-online.de,038787/227817,m,1997-01-15,Fachinformatiker/in,,RSK43259,02/12/2021
284,3226,Tim,, Hartmann,Herr,7774,Flurstraße,7.0,tim.hartmann@gmx.net,036421/387838,m,06.04.1943,Senior/in ,Dr.,XQH35120,Sun Jun 02 2024
285,6902, Sofia,, Klein ,Fr.,15926,Friedhofstraße,4.0,sofia.klein@web.de,035454/51925,w,1944-07-30,Senior/in,,NZO70591,2024-04-24
286,5364,Tim,,Schulz ,Herr,22399,Mühlenstraße,8.0,tim.schulz@gmx.net,040/759294,m,25.07.1977,Data Analyst,,NUP73052,2020-12-30
287,5430,Amelie,,Richter ,Frau,24619,Sonnenstraße,8.0,amelie.richter@web.de,04323/794097,w,1997-04-12, Fluglotse/Fluglotsin,,QGL15428,13.02.2021
288,3161, Hanna,,Lange,Frau,39291,Bahnhofstraße,3.0,hanna.lange@gmx.net,03921/596502,W,1993-08-01,Ingenieur/in,,BJD87145,2022-02-04
289,4185,Niklas,,Krüger ,Herr,39398,Kirchstraße 10,,niklas.krüger@gmail.com,039408/340390,m,Mon Dec 30 1946,Senior/in,,ZYC40273,03.10.2021
290,7922,Noah ,,Schröder ,Herr,48527,Waldweg,4.0,noah.schröder@gmx.net,05921/682524,m,20.12.1951, Senior/in ,,IKR58407,29.04.2022
291,6248,Sofia,, Krause,Fr.,17091,Mittelstraße,8.0,sofia.krause@gmail.com,039600/730365,w,05/12/1923,Senior/in,,PIY48260,11/07/2024
292,8117,Julian ,,Klein,Hr.,40233,Brunnenstraße,5.0,julian.klein@t-online.de,0211/445928,m,1981-11-05,Account Manager/in,,TSM60847,25.10.2021
293,8217,Lea,,Lange ,Fr.,54574,Im Winkel,8.0,lea.lange@gmail.com,06594/800071,w,14.03.2004, Sales Manager/in ,,LVP41928,23.04.2020
294,2715, Leonie,,Becker,Frau,6556,Goethestraße,4.0,leonie.becker@gmx.net,0345/358150,w,1937-08-02,Senior/in,,WXT67954,14.05.2023
295,3103, Anna ,, Werner,Fr.,6493,Fasanenweg 5,,anna.werner@gmail.com,039489/28988,Weiblich,04/08/1970,Account Manager/in ,,MCQ56032,2023-06-10
296,9488,Laura ,,Braun ,Fr.,75382,Jahnstraße,10.0,laura.braun@web.de,07051/274664,w,1958-08-01,Key Account Manager/in,,SCN49152,04.10.2022
297,5068,Noah ,,Fuchs,Herr,6647,Ulmenweg,8.0,noah.fuchs@gmail.com,034465/163208,m,1997-09-15, Mechatroniker/in ,,EBV21790,2020-03-23
298,4297,Marie,,Schmitz,Frau,37213,Lindenweg,8.0,marie.schmitz@gmail.com,05542/791077,Weiblich,Thu Jul 08 1993,Personalreferent/in ,,OPX39175,2021-08-20
299,5756,Tim,,Maier,Herr,99326,Stettiner Straße,6.0,tim.maier@gmx.net,03629/121456,m,1945-04-01,Senior/in,,ZCN70423,31.01.2023
300,2849,Philipp,, Meier,Herr,26529,Lerchenweg,5.0,philipp.meier@gmail.com,04936/589919,Männlich,23.04.1976,Erzieher/in,,EAU81796,02.10.2025
301,6641,Paul,,Koch ,Hr.,18182,Schulweg 8,,paul.koch@gmail.com,038202/55437,m,1976-01-08,Key Account Manager/in ,,YQS73651,2020-02-27
302,7541, Henry,,Huber ,Herr,72147,Meisenweg,2.0,henry.huber@gmx.net,07473/462095,m,28.11.1924,Senior/in,,CGL63587,20.02.2023
303,4024,Jonas ,,Meier,Herr,23974,Jahnstraße,2.0,jonas.meier@gmail.com,038426/50909,Männlich,1952-07-06,Senior/in,,HSC25048,2023-11-07
304,2620,Lena ,,Richter,Frau,56242,Am Hang,8.0,lena.richter@gmx.net,02626/886119,W,1960-09-11,Sektions- und Präparationsassistent/in,,LPU21345,04.11.2021
305,6024, Sofia ,,Schulz,Frau,99735,Neue Straße,6.0,sofia.schulz@web.de,036334/493437,W,14.11.1933,Senior/in ,,MET24518,Sat Aug 23 2025
306,4071,Lena,,Schulze ,Frau,49393,Ringstraße,5.0,lena.schulze@t-online.de,04442/634449,w,1926-09-16,Senior/in ,,FSD89507,2022-11-29
307,4020,Niklas,,Werner,Herr,74749,Ringstraße 6,,niklas.werner@gmail.com,06295/766117,m,Mon Apr 20 1970,Key Account Manager/in,,JFX96450,24.03.2023
308,3678,Lara ,,Schwarz,Frau,18196,Lindenstraße,4.0,lara.schwarz@t-online.de,038208/830473,w,Fri Dec 01 1950,Senior/in,Dr.,TNO56790,06.06.2021
309,6319,Julian ,,Müller ,Hr.,16230,Brunnenstraße,3.0,julian.müller@web.de,033451/527927,M,26/05/1986,Tiermedizinische/r Fachangestellte/r,,VIR83619,2021-06-07
310,3896,Henry,,Neumann ,Herr,19322,Kastanienweg,5.0,henry.neumann@gmx.net,038787/282065,m,01.09.1928,Senior/in,Dr.,ZCU91628,2023-08-31
311,6748,Tim ,,Müller,Herr,16792,Industriestraße,8.0,tim.müller@t-online.de,03307/116473,M,2007-04-23,Business Analyst,,QXW94028,2022-05-15
312,5881,Philipp,,Maier,Herr,1097,Burgstraße,10.0,philipp.maier@gmail.com,0351/602880,m,1987-10-27,Verwaltungsfachangestellte/r,,WRZ34970,2020-01-08
313,5993, Lara ,, Schmitt ,Frau,99610,Berliner Straße 8,,lara.schmitt@t-online.de,03634/153135,W,2006-05-31,Elektroniker/in im Handwerk ,,MQP13659,2023-03-23
314,6678,Noah,, Kaiser ,Herr,37620,Im Winkel,2.0,noah.kaiser@web.de,05533/409541,M,1944-02-28,Senior/in,,XVP47503,2025-06-05
315,5996, Julian,,Schröder ,Herr,15377,Neue Straße,9.0,julian.schröder@gmail.com,033437/244553,m,05/08/1939,Senior/in,,RKJ42136,2022-01-03
316,7378,Sofia,, Hoffmann,Fr.,99628,Fliederweg,8.0,sofia.hoffmann@t-online.de,036373/802292,w,24.07.1978,Sektions- und Präparationsassistent/in,,QAN35490,16.08.2025
317,8073,Mia,, Wolf ,Fr.,88524,Rosenstraße,6.0,mia.wolf@t-online.de,07374/395656,w,1986-03-04,Immobilienwirt ,,KRQ91853,2025-06-06
318,9105,Jonas,,Herrmann,Herr,99869,Kirchplatz,8.0,jonas.herrmann@gmail.com,03621/202533,M,29.05.1976,Controller/in,Dr.,TAR62891,2023-03-23
319,5865,Lara,,Wolf ,Frau,83565,Königsberger Straße 4,,lara.wolf@web.de,08092/439859,w,1957-10-17,Rettungssanitäter/in,,ZPW90287,2021-05-28
320,8074,Emily,,Schulze,Frau,16259,Buchenweg,8.0,emily.schulze@web.de,033451/320243,w,1942-09-08,Senior/in,,SPX95312,13/08/2021
321,3872,Leonie,, Mayer ,Frau,25712,Hauptstraße,6.0,leonie.mayer@gmail.com,04825/570120,w,1987-07-08,Bauzeichner/in ,,AMH06412,Wed May 18 2022
322,5321, Ben,, Köhler ,Hr.,67586,Kirchgasse,7.0,ben.köhler@gmx.net,06733/682676,Männlich,1965-11-03,Maler/in und Lackierer/in,,XEV31827,2024-02-07
323,2529, Lena ,,Krause,Frau,86747,Wilhelmstraße,5.0,lena.krause@t-online.de,09087/143513,w,11.05.1980, Sektions- und Präparationsassistent/in ,,FEB46382,2022-10-17
324,4512,Niklas,,Müller,Herr,99869,Buchenweg,2.0,niklas.müller@gmail.com,03621/658888,M,14.04.1934,Senior/in ,,ZQL13024,26.04.2022
325,2633,Niklas,, Fischer ,Herr,50827,Am Bahnhof 3,,niklas.fischer@t-online.de,0221/871924,M,1995-08-06,Key Account Manager/in,,MZA01248,2021-03-10
326,5123,Lea,,Schäfer,Frau,97274,Gartenstraße,9.0,lea.schäfer@gmail.com,09364/872102,w,28.07.1979,Professor/in,Prof.,DHO04619,03/02/2024
327,6446,Lukas,,Becker,Herr,23923,Tulpenweg,5.0,lukas.becker@gmail.com,038821/747644,Männlich,1935-03-07,Senior/in,,BGS84602,02.03.2022
328,4478,Paul,,Köhler,Herr,38518,Buchenweg,5.0,paul.köhler@gmx.net,05371/138070,m,2000-06-27, Verwaltungsfachangestellte/r ,,JFQ47369,2020-02-04
329,5806,Lina,, Werner ,Frau,23948,Kirchgasse,1.0,lina.werner@t-online.de,038428/314775,W,1964-04-29,Fluglotse/Fluglotsin ,,HNP32786,Thu Jun 27 2024
330,4750,Lara,,König,Frau,18230,Karlstraße,1.0,lara.könig@gmail.com,038296/324979,W,1942-04-13,Senior/in ,Dr.,HEJ38741,2020-03-30
331,5374,Mia ,,Braun ,Frau,6408,Friedrichstraße 4,,mia.braun@gmail.com,03471/449419,w,1980-07-26,Automobilkaufmann/frau,,CRF81960,24/02/2020
332,3808,Lena,,Hartmann,Frau,83552,Am Hang,1.0,lena.hartmann@t-online.de,08075/847836,w,1983-04-09, Professor/in,Prof.,SGO46501,26/05/2021
333,9409,Hanna,,Hoffmann,Frau,6780,Blumenstraße,8.0,hanna.hoffmann@web.de,034956/888143,Weiblich,21/10/1979, Account Manager/in,,KAI63125,27.01.2022
334,3946,Lara,, Wagner,Frau,24254,Birkenweg,7.0,lara.wagner@gmx.net,04347/38402,W,1943-12-06, Senior/in,Dr.,ASF29053,2023-11-16
335,5392,Sophie ,, Klein,Frau,72488,Blumenstraße,5.0,sophie.klein@gmail.com,07571/583199,W,1943-12-16,Senior/in,,SKJ29163,2024-09-04
336,3081, Lara,,Neumann ,Frau,54316,Rosenstraße,4.0,lara.neumann@t-online.de,06588/472997,w,11/12/1966,Product Manager/in,,YZC34972,2025-02-19
337,3927, Paul,, Krause ,Herr,49696,Birkenstraße 9,,paul.krause@gmx.net,04475/30774,M,1973-05-25,Bauzeichner/in,,YVW54079,2023-07-15
338,3682,Leon,,Köhler ,Herr,40233,Birkenweg,6.0,leon.köhler@gmx.net,0211/667017,M,1944-07-29,Senior/in,,MPR72548,2022-05-07
339,7611,Finn,,Fuchs,Herr,99628,Stettiner Straße,10.0,finn.fuchs@t-online.de,036373/630317,Männlich,12/12/1949,Senior/in ,Dr.,QPY14539,2021-06-30
340,7499,Jonas,,Wagner ,Herr,42859,Eichendorffstraße,4.0,jonas.wagner@web.de,02191/270434,m,1968-06-28,Sektions- und Präparationsassistent/in,,TJZ17394,2023-08-12
341,3099,Sofia ,,Walter,Frau,35463,Kirchweg,8.0,sofia.walter@gmx.net,06404/413658,w,25.10.1926,Senior/in,,DPQ71258,2024-01-29
342,7041,Jonas,, Schäfer ,Herr,99955,Eichendorffstraße,7.0,jonas.schäfer@t-online.de,036043/818942,m,1958-02-14,Verwaltungsfachangestellte/r ,,VMB95034,16.08.2024
343,2937,Finn ,, Fischer ,Hr.,19412,Am Hang 9,,finn.fischer@gmx.net,038483/793978,m,1953-11-13,Senior/in ,,WLT63258,2025-12-08
344,5888,Lea ,,Fischer,Frau,34127,Buchenweg,3.0,lea.fischer@t-online.de,0561/800787,w,1953-03-29,Senior/in ,,YJC08635,12.04.2022
345,5031, Lea,,Klein,Frau,27412,Erlenweg,2.0,lea.klein@t-online.de,04289/812294,w,1996-09-10,Controller/in,,WKX25680,11/02/2024
346,3432,Johanna,,Mayer,Frau,56864,Burgstraße,5.0,johanna.mayer@gmx.net,02674/512544,W,1953-02-05,Senior/in ,,VEH42609,2020-10-02
347,2819,Emma,, Schmitz,Fr.,33604,Dorfstraße,9.0,emma.schmitz@gmail.com,0521/79005,w,1964-01-01, Account Manager/in,,CSK37498,2023-07-08
348,7736,Lena,,Neumann ,Frau,39264,Mozartstraße,9.0,lena.neumann@gmail.com,039242/432482,Weiblich,1945-10-21,Senior/in,,RAV21073,14/01/2025
349,2621,Luisa ,,Lehmann,Fr.,16792,Eichenweg 10,,luisa.lehmann@gmail.com,03307/516384,w,1990-03-15,Product Manager/in ,,TSU19456,2024-10-08
350,8012,Laura ,,Becker,Frau,97906,Kurze Straße,2.0,laura.becker@web.de,09392/823786,W,07.04.1934,Senior/in,,QMY69725,15.07.2025
351,7212,Maximilian,,Klein,Herr,23909,Lerchenweg,4.0,maximilian.klein@web.de,04541/174438,M,1944-01-08,Senior/in ,,KND31694,23.08.2021
352,6457,Moritz ,,Schulz,Hr.,56335,Finkenweg,7.0,moritz.schulz@web.de,02620/732680,m,1968-12-14, Koch/Köchin ,,TNO02185,25.09.2022
353,7396,Luisa ,,Herrmann ,Frau,8606,Parkstraße,7.0,luisa.herrmann@gmx.net,037463/507774,w,04.07.1972,Zahntechniker/in ,,DNA17035,2025-06-09
354,2585,Luisa ,,Maier,Fr.,21734,Birkenweg,9.0,luisa.maier@t-online.de,04753/149711,Weiblich,15.06.1940,Senior/in,,GMT73196,2021-04-08
355,4807, Lara,,Schröder,Frau,95364,Breslauer Straße 5,,lara.schröder@web.de,09227/654273,w,Wed Dec 13 1989,Account Manager/in ,,GKZ56193,2022-12-13
356,5825,Nele,, Schulz ,Fr.,68723,Eichenweg,1.0,nele.schulz@t-online.de,06202/733544,w,1928-03-02,Senior/in,,WEN05934,2022-11-22
357,7829, Johanna,,Huber,Fr.,37308,Fasanenweg,9.0,johanna.huber@gmail.com,036082/162987,W,1963-01-12,Konditor/in ,,JQS37164,20/07/2021
358,5702, Lea ,, Mayer ,Frau,55624,Rosenstraße,8.0,lea.mayer@t-online.de,06544/697974,Weiblich,1981-03-24,Erzieher/in ,,JHP75649,2020-03-22
359,2952,Henry,,Hoffmann ,Herr,85256,Wilhelmstraße,10.0,henry.hoffmann@web.de,08139/288523,m,1939-10-19,Senior/in,,XDB39201,2020-08-06
360,7987, Jonas,,Maier,Herr,18239,Wilhelmstraße,3.0,jonas.maier@t-online.de,038207/844618,M,22.07.1936,Senior/in,Dr.,RCE19245,11.08.2023
361,5973,Marie,,Walter ,Frau,51381,Rosenweg 4,,marie.walter@gmail.com,0214/402675,W,1939-01-10,Senior/in ,,QMO78249,2024-01-08
362,8768,Mia,,Koch,Frau,9496,Eichendorffstraße,4.0,mia.koch@web.de,037364/539940,Weiblich,1945-10-07,Senior/in ,,UMT39214,29.12.2021
363,4101, Johanna ,,Wagner,Fr.,22399,Blumenstraße,1.0,johanna.wagner@web.de,040/836543,w,2001-02-14,Data Analyst,,OUT65027,10.06.2024
364,5428,Leon,, Krüger,Herr,30455,Karlstraße,10.0,leon.krüger@gmx.net,0511/404920,m,2000-12-15,Rettungssanitäter/in,,HPD07146,2022-05-22
365,5081, Finn ,,Wagner,Hr.,67822,Schubertstraße,3.0,finn.wagner@gmx.net,06362/834391,Männlich,1986-05-29, Gesundheits- und Krankenpfleger/in,,SYT36178,28.09.2025
366,7569,Emma,,Schröder,Frau,51381,Drosselweg,9.0,emma.schröder@web.de,0214/829760,w,21/01/1999,Sales Manager/in,,EUA57829,2021-03-02
367,3384,Sofia,,Becker,Frau,56459,Flurstraße 2,,sofia.becker@t-online.de,02663/95889,w,1957-08-18,Sales Manager/in,,DLE29703,2024-05-20
368,4373, Lukas ,,Lange ,Herr,67677,Industriestraße,3.0,lukas.lange@t-online.de,06303/298474,m,1982-06-09,Projekt Manager/in ,,FMQ29167,2020-05-10
369,2685,Jonas ,,Schmitt ,Hr.,6773,Finkenweg,9.0,jonas.schmitt@web.de,034955/435550,m,1956-12-27,Bauzeichner/in,,WOL51839,08.02.2025
370,8401,Leon,,Richter,Herr,16559,Friedhofstraße,6.0,leon.richter@t-online.de,033054/524630,M,1977-10-27,Gesundheits- und Krankenpfleger/in,,ZXP04271,2025-04-27
371,6266, Johanna,,Walter ,Frau,54608,Marktplatz,6.0,johanna.walter@gmx.net,06555/535793,W,19.07.1945,Senior/in,,GJF73528,23/07/2023
372,7898,Leon,,Meier,Hr.,8527,Bahnhofstraße,2.0,leon.meier@gmx.net,03741/814357,m,1994-05-01,Immobilienwirt ,,ZSQ56721,2023-10-09
373,6415,Laura,,Lange,Fr.,56340,Marktplatz 7,,laura.lange@t-online.de,06776/484313,W,1956-01-07,Controller/in,,JBJ17452,16/06/2021
374,9031,Johanna,, Schulze,Fr.,19209,Amselweg,6.0,johanna.schulze@gmail.com,038874/550777,w,18/01/1945,Senior/in,,TJU15362,01/04/2025
375,4312,Tim ,,Weber,Herr,32825,Burgstraße,1.0,tim.weber@gmail.com,05235/878612,M,1935-10-12,Senior/in,,RHN87495,2021-12-22
376,6270,Julian ,,Köhler,Herr,39606,Feldstraße,6.0,julian.köhler@web.de,03937/474089,Männlich,14/08/1979,Mechatroniker/in ,,BGL83720,29.08.2023
377,6038,Noah,,Schmitt,Hr.,99735,Gartenstraße,4.0,noah.schmitt@t-online.de,036334/818768,m,1961-03-25,Professor/in ,Prof.,ULK38509,2025-09-19
378,6021,Lea,,Schulze,Frau,83552,Am Bahnhof,8.0,lea.schulze@t-online.de,08075/384053,w,02/04/1930,Senior/in,,TCR84793,2023-02-19
379,6986, Anna,, Fuchs,Frau,6184,Parkstraße 7,,anna.fuchs@t-online.de,034602/378526,w,2000-09-30,Key Account Manager/in,,UPQ96271,2025-12-26
380,6423,Leonie,,Weber,Frau,97502,Sudetenstraße,7.0,leonie.weber@gmx.net,09726/9426,w,1963-04-14,Ingenieur/in ,,FYD72569,2022-09-23
381,9212,Tim,, Schmidt ,Herr,8527,Kiefernweg,3.0,tim.schmidt@t-online.de,03741/191001,m,16/11/2007,Tischler/in ,,STL49826,2023-01-07
382,6542,Ben,,Huber,Herr,24254,Tannenweg,2.0,ben.huber@t-online.de,04347/104497,M,1989-06-01,Mechatroniker/in ,,XWN79603,16.10.2024
383,6776,Lara,,Huber ,Frau,25355,Schwalbenweg,6.0,lara.huber@gmail.com,04123/208091,W,28.07.1933,Senior/in ,,BNR28049,26.06.2021
384,8858,Leon ,,Meier,Herr,86932,Flurstraße,7.0,leon.meier@gmail.com,08196/202588,M,2000-07-04,Business Analyst,,HQI57083,2025-05-13
385,4539, Noah,, Schmitz,Herr,19339,Amselweg 3,,noah.schmitz@gmx.net,038787/137063,Männlich,24.06.1954,Senior/in,,ARH37916,2023-01-21
386,6298,Noah,, Krüger ,Herr,24594,Am Hang,3.0,noah.krüger@t-online.de,04871/472936,M,1931-09-01,Senior/in ,,HVD53184,2021-12-28
387,6802,Maximilian,, Herrmann ,Hr.,90409,Mittelweg,1.0,maximilian.herrmann@gmx.net,0911/700652,Männlich,17/07/1994,Kaufmann/frau im E-Commerce ,,IIJ15982,02/06/2023
388,8906,Laura,,Bauer,Fr.,50827,Mühlweg,3.0,laura.bauer@web.de,0221/583560,Weiblich,Sat Nov 16 1996,Rettungssanitäter/in,,CCD43071,26.10.2022
389,2959, Amelie ,,Richter,Frau,19209,Grüner Weg,2.0,amelie.richter@gmx.net,038874/736465,w,16.02.1939,Senior/in ,Dr.,LIP96024,2021-12-21
390,7551,Noah ,, Schröder ,Herr,38835,Waldweg,10.0,noah.schröder@web.de,039421/860889,m,1937-03-03,Senior/in,,JIG24931,2024-07-16
391,6427,Lukas ,, Hartmann ,Hr.,6779,Mittelstraße 7,,lukas.hartmann@web.de,034906/267253,m,1931-04-27, Senior/in ,,HPW45287,14.09.2024
392,8153, Elias,,Becker,Hr.,1683,Schulweg,7.0,elias.becker@gmx.net,035242/241808,M,Sun Jun 21 1992,Erzieher/in,,DUK87659,17.08.2023
393,4387,Marie,, Schwarz,Fr.,26907,Kirchplatz,3.0,marie.schwarz@web.de,04963/683650,w,1973-10-15,Landwirt/in,,XIU54789,2022-08-07
394,5010,Philipp,,Schulze,Herr,18230,Marienstraße,8.0,philipp.schulze@web.de,038296/616770,m,1944-12-26,Senior/in,,ZCU30819,2023-10-31
395,4032,Philipp,,Lange,Herr,9395,Ulmenweg,6.0,philipp.lange@gmail.com,03721/4527,m,1925-03-20,Senior/in ,,DWM96750,2025-03-29
396,9418,Ben,,Mayer,Herr,54516,Feldstraße,2.0,ben.mayer@gmx.net,06571/248918,m,28.02.1994,UX Designer/in ,,AXU18792,2022-11-26
397,4760, Johanna,, Fischer ,Fr.,10823,Gartenstraße 5,,johanna.fischer@gmx.net,030/843014,w,1943-01-29,Senior/in,,QII48732,22.05.2020
398,6293, Julian ,, Richter,Herr,17094,Breslauer Straße,4.0,julian.richter@gmail.com,039603/695462,Männlich,1991-06-26, Controller/in ,,DUS56172,2024-11-25
399,9218, Jakob ,,Huber,Herr,7646,Sudetenstraße,10.0,jakob.huber@gmail.com,036426/122291,M,29.06.1988, Zahntechniker/in,,OPQ36251,2023-04-23
400,3177,Philipp,, Müller,Herr,83080,Nordstraße,5.0,philipp.müller@web.de,08033/108916,Männlich,1989-04-07,Verwaltungsfachangestellte/r,,UIG93402,23/08/2021
401,8940,Max,, Meyer ,Hr.,72488,Wilhelmstraße,8.0,max.meyer@gmail.com,07571/511694,m,1993-03-24,Sales Manager/in,,TKZ25793,2025-07-21
402,5224,Leon ,, Krüger,Herr,1683,Friedrichstraße,4.0,leon.krüger@web.de,035242/186124,Männlich,Sun Aug 04 1935,Senior/in,,FVG83695,2020-08-26
403,6128,Luisa,,Krüger,Frau,66957,Beethovenstraße 2,,luisa.krüger@gmx.net,06335/342817,w,1950-08-08,Senior/in,,MZQ27650,2024-01-30
404,5983, Henry ,,Richter,Herr,76744,Kastanienweg,9.0,henry.richter@web.de,07275/274341,M,1981-02-18,Maler/in und Lackierer/in ,,SOD17693,2020-05-08
405,8333,Jakob,,Braun,Herr,66113,Uhlandstraße,3.0,jakob.braun@gmail.com,0681/148634,M,1927-07-10,Senior/in,,EEH68270,02/04/2022
406,4078,Ben,,Weber ,Herr,1936,Schubertstraße,6.0,ben.weber@gmx.net,035795/414560,m,1969-06-11,Sales Manager/in,Dr.,LTQ62971,2022-01-19
407,4164, Laura ,, Koch,Frau,16928,Goethestraße,6.0,laura.koch@gmail.com,033984/71124,w,Sat Feb 21 1981,Product Owner ,,HUU04659,2020-01-06
408,7108,Sophie,,Schulze,Frau,26605,Blumenstraße,10.0,sophie.schulze@gmx.net,04941/618263,W,23/04/1927,Senior/in,,NHK25179,12.06.2020
409,4571,Sofia,,Lehmann ,Frau,14913,Kastanienweg 2,,sofia.lehmann@t-online.de,033741/833715,Weiblich,19.09.1929,Senior/in ,,AOL52974,15.09.2023
410,2796,Leonie,,Hoffmann,Fr.,16230,Talstraße,10.0,leonie.hoffmann@web.de,033451/421457,w,1924-08-12,Senior/in,,BAK41380,2025-08-24
411,5622,Emma,,Schmitt,Frau,72539,Buchenweg,9.0,emma.schmitt@gmx.net,07388/451075,w,1930-03-08,Senior/in,,DYM93142,2025-12-07
412,3653,Maximilian,,Hofmann,Herr,27624,Uhlandstraße,8.0,maximilian.hofmann@gmail.com,04745/92935,Männlich,1935-10-11,Senior/in ,,TNZ64319,30.11.2025
413,6247,Henry,,Meier ,Herr,25355,Breslauer Straße,2.0,henry.meier@gmx.net,04123/178903,m,1932-04-06,Senior/in,,IGI68219,25.04.2020
414,4474,Laura ,,Hoffmann,Frau,67271,Schloßstraße,1.0,laura.hoffmann@gmail.com,06359/879335,w,1940-12-30,Senior/in,,HIV07598,2024-06-26
415,8277,Lilly,,Walter,Frau,54298,Mühlenstraße 8,,lilly.walter@gmail.com,0651/250126,W,1925-04-04,Senior/in,,GFN63759,14.08.2023
416,7131,Emily,,Wolf,Fr.,88524,Schloßstraße,6.0,emily.wolf@gmail.com,07374/279105,W,1930-10-17,Senior/in,,CQH50793,03.04.2025
417,3133,Emilia ,,Wolf ,Frau,28355,Marktplatz,1.0,emilia.wolf@gmx.net,0421/252451,W,1954-10-31, Senior/in,,XMM80179,24/11/2023
418,5190, Louis ,,Weber,Herr,89250,Amselweg,7.0,louis.weber@t-online.de,07307/623904,m,1993-01-13,Key Account Manager/in,,MBZ26137,30.11.2020
419,6081,Lina,,Kaiser,Fr.,24619,Rosenweg,9.0,lina.kaiser@gmail.com,04323/543344,W,1989-12-11,Koch/Köchin,,SHM85129,2023-10-05
420,5070,Sophie ,,Köhler,Fr.,3238,Kirchgasse,4.0,sophie.köhler@gmx.net,035325/828830,Weiblich,1970-10-03,Automobilkaufmann/frau,,FSR42958,06.04.2020
421,7045,Leon,,Herrmann,Herr,7778,Eichendorffstraße 9,,leon.herrmann@t-online.de,036427/213061,m,1991-04-16,Personalreferent/in,,ATC19846,14/12/2020
422,3514,Maximilian,,Schmid,Herr,67822,Heideweg,10.0,maximilian.schmid@web.de,06362/565506,M,24.03.2005,Fluglotse/Fluglotsin,,RHM21370,Wed Jun 09 2021
423,8244,Luka,, Werner,Hr.,9477,Fasanenweg,10.0,luka.werner@gmx.net,037343/280015,m,1962-08-20,Koch/Köchin,,DXT12036,2023-06-05
424,3631, Finn,,Hoffmann,Herr,18239,Neue Straße,2.0,finn.hoffmann@t-online.de,038207/827267,m,03.05.1931,Senior/in,,CVZ50846,2020-06-20
425,4489,Emma,,Mayer,Frau,67117,Talstraße,10.0,emma.mayer@web.de,06236/893896,W,1956-06-02, Landwirt/in ,,HGV35041,2023-10-17
426,5195,Ben,,Schwarz,Herr,55444,Eichenweg,7.0,ben.schwarz@t-online.de,06724/420196,M,1956-03-15,Professor/in ,Prof.,OLG42160,01.10.2023
427,8775, Laura,,Lehmann ,Frau,24601,Lessingstraße 8,,laura.lehmann@gmx.net,04323/182341,Weiblich,1976-08-06,Rettungssanitäter/in,,ECE97186,2020-06-17
428,4664,Tim ,,Köhler,Herr,37441,Meisenweg,9.0,tim.köhler@gmx.net,05523/516612,m,10.07.1926,Senior/in ,,NVA89305,2022-08-17
429,4231,Mia,,Hofmann ,Frau,6647,Nelkenweg,3.0,mia.hofmann@t-online.de,034465/174399,W,1941-06-03,Senior/in,Prof.,GNS20573,2024-02-27
430,8609,Lukas,,Fischer,Herr,57520,Finkenweg,9.0,lukas.fischer@web.de,02747/102612,m,28.10.1945,Senior/in ,,KQW79804,2022-02-09
431,4866, Henry ,,Schmitz,Herr,36419,Waldstraße,8.0,henry.schmitz@gmx.net,036967/530297,m,11.05.1958,Friseur/in,,HNV75826,15.12.2023
432,5044,Felix,,Bauer,Herr,49696,Kapellenweg,8.0,felix.bauer@gmx.net,04475/569986,m,17.09.1993,Software Entwickler/in ,,BOI79618,Mon Aug 25 2025
433,2947,Tim,,Neumann ,Herr,56357,Poststraße 3,,tim.neumann@t-online.de,06772/107474,m,19.01.1941,Senior/in,,FRS40169,2021-12-12
434,7843,Ben,,Meier,Herr,31319,Kiefernweg,4.0,ben.meier@web.de,05138/71008,M,1948-02-11, Senior/in,,VLI70283,2023-01-28
435,4935,Felix ,,Krause,Herr,30966,Schwalbenweg,1.0,felix.krause@t-online.de,0511/896592,M,04/05/1928, Senior/in,,GUC70842,Fri Apr 24 2020
436,7525,Luisa,,Koch,Frau,7646,Friedrichstraße,1.0,luisa.koch@gmx.net,036426/806209,w,29.11.1936,Senior/in,,QMP05893,2024-12-04
437,3224,Noah,, Becker,Hr.,56459,Im Winkel,4.0,noah.becker@t-online.de,02663/552900,m,Sat Aug 08 1998,Fachinformatiker/in ,,VBG03846,2021-08-14
438,5963,Ben,,Wolf ,Herr,56459,Nelkenweg,6.0,ben.wolf@gmx.net,02663/896480,m,1956-06-24,Graphic Designer/in ,,BKR39675,2025-10-31
439,4880, Luka,,Fischer,Herr,67586,Goethestraße 4,,luka.fischer@t-online.de,06733/80908,M,08/12/2003,Konditor/in ,,TRK93205,08.05.2024
440,6622,Johanna,,Schröder,Frau,85256,Wiesenweg,4.0,johanna.schröder@web.de,08139/213303,w,1961-05-22,Product Owner,,ZVE18762,2021-05-11
441,6060,Finn,,Lange,Herr,66996,Kirchweg,1.0,finn.lange@web.de,06391/121813,m,1989-05-19,Product Owner,,ZUQ76920,2023-07-09
442,5505,Luka ,,Köhler,Herr,85256,Flurstraße,10.0,luka.köhler@t-online.de,08139/57510,m,04.05.2006,Immobilienkaufmann/frau,,ZCD12937,24/04/2022
443,7539,Luisa,,Müller,Frau,14772,Erlenweg,2.0,luisa.müller@web.de,03381/422813,w,2006-05-18, Software Entwickler/in,,AHF90438,15.05.2023
444,9236,Noah,,Hoffmann,Herr,66957,Talstraße,1.0,noah.hoffmann@t-online.de,06335/329221,M,01.02.1951,Senior/in,,JVF84156,2024-06-21
445,5249,Henry,, Bauer,Hr.,74749,Dorfstraße 3,,henry.bauer@gmx.net,06295/266428,m,2003-06-06,Landwirt/in,,AVL85974,2022-12-23
446,6808, Elias ,,Krause,Herr,8606,Kirchstraße,7.0,elias.krause@web.de,037463/903935,m,31.08.1980, Verwaltungsfachangestellte/r,,UKJ23768,31/05/2021
447,2903,Ben,,Meier,Herr,23923,Marienstraße,10.0,ben.meier@gmail.com,038821/648253,M,1964-12-13,Finanzwirt/in,,IRX04758,17/01/2022
448,3125,Ben,,Krause,Hr.,39291,Raiffeisenstraße,7.0,ben.krause@web.de,03921/400004,m,1948-04-21,Senior/in,,NET46820,Sun Sep 13 2020
449,3669,Amelie,,Huber ,Fr.,7422,Schillerstraße,6.0,amelie.huber@gmail.com,036739/678040,W,04.12.1960,Ingenieur/in,,PXP47362,31.03.2022
450,8120, Niklas,,Bauer,Hr.,99762,Waldweg,9.0,niklas.bauer@web.de,03631/615804,m,1946-11-21,Senior/in,,YLG18570,2025-06-24
451,8793,Lukas,,Schulz,Herr,67691,Mozartstraße 10,,lukas.schulz@gmx.net,06305/428849,m,29.03.2001,Filmeditor/in Videoeditor/in,,ZTN93728,2024-08-01
452,7046,Sophie ,, Schulze,Fr.,22885,Marktplatz,9.0,sophie.schulze@t-online.de,040/398665,Weiblich,1951-08-04,Senior/in,,JXA97865,2022-06-29
453,8926,Marie,,Köhler,Frau,51381,Ahornstraße,10.0,marie.köhler@t-online.de,0214/490673,w,1972-12-31,Bauzeichner/in,,YPD70462,2021-05-30
454,7710,Anna,,König,Frau,6721,Kapellenweg,10.0,anna.könig@web.de,034425/778423,W,1933-05-20,Senior/in,,NXZ82436,2021-03-30
455,2696,Johanna ,,Krause,Frau,19386,Friedrichstraße,3.0,johanna.krause@web.de,038732/53000,w,1992-04-02,Fluglotse/Fluglotsin,,OMU92473,04.07.2024
456,2861,Sophie ,,Richter ,Frau,83565,Ahornstraße,2.0,sophie.richter@t-online.de,08092/609797,Weiblich,09.08.1953,Senior/in,,UBG42069,2025-05-27
457,5395, Lena ,,Wolf,Frau,66113,Römerstraße 10,,lena.wolf@t-online.de,0681/743679,w,03.10.1987,Landwirt/in ,,XOM82461,2020-01-10
458,6234,Lea ,,Mayer,Frau,14772,Beethovenstraße,9.0,lea.mayer@gmx.net,03381/559528,w,1959-01-04,Tiermedizinische/r Fachangestellte/r,,QNM59760,2024-08-07
459,6462,Lena,,Schulz,Frau,50827,Lessingstraße,2.0,lena.schulz@web.de,0221/194895,W,1985-05-27,Zahntechniker/in,,YKK71459,02.07.2021
460,7810,Nele,,Klein,Frau,6295,Mittelweg,1.0,nele.klein@web.de,034776/132796,w,1930-03-08,Senior/in,,UMR41609,2025-06-29
461,8414,Anna,,Schulz ,Frau,14913,Ginsterweg,6.0,anna.schulz@t-online.de,033741/728066,w,Thu Dec 24 1942,Senior/in,,DTS05432,2023-07-22
462,9495,Mia,, Köhler,Frau,94107,Am Bahnhof,10.0,mia.köhler@gmx.net,08593/20707,W,1936-05-19,Senior/in,Dr.,YJS91732,23/04/2024
463,4661,Lina,, Fuchs ,Frau,15377,Waldstraße 3,,lina.fuchs@t-online.de,033437/466312,w,1989-07-10,Gesundheits- und Krankenpfleger/in,,HCR63407,2024-03-16
464,5896,Anna ,,Köhler ,Fr.,63877,Industriestraße,3.0,anna.köhler@gmail.com,06093/76910,w,05.09.1925,Senior/in,,SGU37195,2022-06-12
465,8447,Finn,, Schmitt,Herr,31319,Kirchstraße,7.0,finn.schmitt@t-online.de,05138/300594,M,1958-05-11,Finanzwirt/in,,OIM38201,2024-01-16
466,6217,Elias ,,Meier ,Herr,37627,Kirchgasse,4.0,elias.meier@t-online.de,05532/178798,M,1956-08-21,Ingenieur/in ,Dr.,YFT27349,2024-04-02
467,8437, Philipp,, Walter ,Hr.,9380,Karlstraße,2.0,philipp.walter@web.de,03721/35851,M,1937-04-08,Senior/in,,EOZ20194,2021-10-24
468,4882,Julian,,Koch ,Herr,63877,Bachstraße,9.0,julian.koch@gmx.net,06093/469783,M,1952-08-15, Senior/in,,IMU56821,24.05.2020
469,8466,Lukas,,Schmitt,Hr.,54574,Lärchenweg 10,,lukas.schmitt@t-online.de,06594/798498,m,15.05.1940,Senior/in,Dr.,FIQ84302,29/07/2023
470,8534,Lara,,Werner,Frau,76359,Tannenweg,4.0,lara.werner@gmx.net,07248/629653,W,1958-04-21,Friseur/in,,TLB24371,2021-08-05
471,3462,Moritz ,,Wagner ,Herr,24594,Nordstraße,1.0,moritz.wagner@t-online.de,04871/218328,Männlich,1994-03-23,Kaufmann/frau im E-Commerce,,KSZ64857,21/08/2025
472,2875,Amelie ,, Schulze ,Frau,37627,Raiffeisenstraße,10.0,amelie.schulze@web.de,05532/213025,Weiblich,30/10/1975,Gesundheits- und Krankenpfleger/in,,HNT35829,04.01.2022
473,7776,Julian,,Köhler,Hr.,14913,Am Sportplatz,1.0,julian.köhler@t-online.de,033741/195126,m,07.10.1955,Product Manager/in,,PHR05876,28.03.2022
474,2922, Jonas ,,Fischer,Herr,54298,Birkenweg,5.0,jonas.fischer@t-online.de,0651/721649,m,1976-06-10,Kaufmann/frau im E-Commerce,,ZPV30641,23/02/2022
475,4787,Emma ,,Müller,Frau,18182,Raiffeisenstraße 5,,emma.müller@gmail.com,038202/757596,w,2008-10-16, Filmeditor/in Videoeditor/in ,,FSH41982,02.05.2023
476,8583,Mia,,Wagner,Frau,79361,Lärchenweg,3.0,mia.wagner@web.de,07642/535816,w,1959-04-04, Gesundheits- und Krankenpfleger/in ,,JKI69570,2025-04-06
477,3095,Luka,,König ,Herr,98553,Neue Straße,2.0,luka.könig@gmail.com,036873/401543,Männlich,1939-02-28,Senior/in,,HVV27504,2020-07-23
478,6744, Amelie,,Krause ,Frau,7646,Waldstraße,7.0,amelie.krause@t-online.de,036426/87152,w,1945-07-10,Senior/in ,,QKJ47893,2020-12-28
479,8259, Max ,, Schmidt,Herr,27412,Ulmenweg,5.0,max.schmidt@t-online.de,04289/812436,m,1929-05-21,Senior/in,,YBC76539,2020-07-12
480,2882,Mia,,König,Frau,73269,Mühlweg,7.0,mia.könig@web.de,07153/56671,Weiblich,06.09.1949,Senior/in,Dr.,TNF25379,14/03/2023
481,4338, Nele,,Neumann,Fr.,90409,Lindenstraße 9,,nele.neumann@gmail.com,0911/366444,w,1970-08-16, Automobilkaufmann/frau ,,WVM37014,25.09.2020
482,6190,Felix,,Bauer ,Herr,14822,Kirchgasse,5.0,felix.bauer@web.de,033843/62886,m,1980-11-22,Account Manager/in,Dr.,ALQ34092,09.03.2021
483,4346, Emilia,,Krüger,Frau,16259,Uhlandstraße,2.0,emilia.krüger@gmx.net,033451/417196,W,1941-07-18, Senior/in ,,ADK62381,2025-11-21
484,8287,Henry,,Schmitz,Herr,6647,Hauptstraße,10.0,henry.schmitz@web.de,034465/695222,m,1927-09-20,Senior/in,,KZW27954,2024-02-16
485,6547,Paul,,Bauer,Herr,56653,Mittelweg,8.0,paul.bauer@gmail.com,02636/277526,M,1934-10-06,Senior/in,,OPI10869,2022-03-05
486,6488, Sofia,,Walter,Fr.,67691,Waldstraße,6.0,sofia.walter@t-online.de,06305/730840,w,1949-06-01,Senior/in,,SBK57108,Mon Mar 02 2020
487,3813,Mia,, Schneider,Frau,67748,Breslauer Straße 5,,mia.schneider@t-online.de,06753/351454,w,31/10/1949,Senior/in ,,JZT84035,12.02.2023
488,6210,Julian,,Hartmann,Herr,24980,Talstraße,8.0,julian.hartmann@gmx.net,04639/181358,m,1926-02-17,Senior/in,,MJD08962,02/05/2022
489,8295,Moritz,,Weber,Herr,72488,Karlstraße,3.0,moritz.weber@gmx.net,07571/459049,m,1976-05-03,Immobilienwirt,,BHC98165,2025-08-19
490,3235,Hanna,,Schulz,Frau,37620,Beethovenstraße,1.0,hanna.schulz@t-online.de,05533/642412,w,11.06.1939,Senior/in,,WOL79035,2024-05-15
491,3773, Laura,,Fischer,Frau,83552,Kurze Straße,10.0,laura.fischer@gmail.com,08075/758294,w,17.05.1967,Filmeditor/in Videoeditor/in,,ASN57089,2020-11-14
492,5407,Anna,,Schmitz,Frau,70372,Lärchenweg,10.0,anna.schmitz@web.de,0711/707974,W,1993-06-19, Ingenieur/in ,,BXS57349,Mon Jan 11 2021
493,2691, Niklas,,Hofmann,Herr,67742,Römerstraße 7,,niklas.hofmann@web.de,06382/292597,m,1986-08-29, Fachinformatiker/in ,,VJC94872,09.11.2024
494,5129,Lena,,Richter ,Frau,26388,Ginsterweg,9.0,lena.richter@web.de,04421/196501,w,1945-06-27,Senior/in ,Dr.,UOK30546,20/01/2024
495,6979,Elias,,Meier,Herr,16792,Am Hang,6.0,elias.meier@web.de,03307/208769,m,20.09.1966,Landwirt/in,,DPJ75613,Fri May 20 2022
496,5019,Louis,,Schulze,Herr,25712,Römerstraße,7.0,louis.schulze@gmail.com,04825/579613,M,2006-01-27,Bauzeichner/in,,XGP73984,31.03.2025
497,6603,Sophie,,Braun,Fr.,16259,Neue Straße,10.0,sophie.braun@t-online.de,033451/330710,W,1967-04-02,Finanzwirt/in,,MVR46513,2023-10-21
498,4465,Philipp,,Kaiser,Herr,8606,Breslauer Straße,9.0,philipp.kaiser@t-online.de,037463/768172,Männlich,1940-02-16, Senior/in,,FIQ27658,2020-08-02
499,6695,Elias ,,Hoffmann,Hr.,19230,Lange Straße 10,,elias.hoffmann@gmx.net,038856/699772,m,1950-01-15,Senior/in ,Prof.,CNG07613,2020-05-22
500,8719,Mia,,Kaiser,Frau,96196,Im Winkel,6.0,mia.kaiser@web.de,09504/206577,W,2005-09-28,Immobilienkaufmann/frau ,,STX90835,2020-06-24
